protein(groups)_accession,related_peptides,nor_pep_ra_+0,nor_pep_ra_+1,nor_pep_ra_+2,inten_+0,inten_+1,inten_+2,total_inten_all_cha
P32324,"['TGTLTTSETAHNMK', 'AVQYLHEIK', 'AGEIVLAARK', 'AGEARFTDTRK', 'DEQERGITIK', 'NANDLPK', 'MVPTSDK', 'VRIQGPNYVPGK', 'HNRIYLK', 'ADLMLYVSK', 'DEIPVLLEK']",5.36,1.42,1.21,28603586.0,7592016.1278,6461611.1203,42657213.248100005
P00560,"['VLENTEIGDSIFDK', 'EGIPAGWQGLDNGPESRK', 'ELPGVAFLSEK', 'AGAEIVPK', 'LFAATVAK', 'ALLDEVVK', 'YSLAPVAK']",4.82,2.66,0.52,8871715.8,4903265.4695,948077.4722,14723058.741700001
P00942,['ASGAFTGENSVDQIK'],5.48,2.29,0.23,8171261.5,3411841.2859,342071.6852,11925174.4711
P05030,"['HYGDQTFSSSTVK', 'TVEEDHPIPEDVHENYENK', 'MLTGDAVGIAK', 'GAPLFVLK']",5.2,2.55,0.25,19483830.0,9532206.907,939560.6335,29955597.540499996
P41277:P40106,"['VVVFEDAPAGIAAGK', 'SIEVPGAVK']",4.9,1.58,1.52,2930397.5,944125.7355,905207.8471,4779731.0826
P16521,"['LVEDPQVIAPFLGK', 'DETVAPRFK', 'GNFTEFVK', 'FDAMGNK', 'VLEELFQK', 'AAATAAMTK']",5.66,0.35,1.98,350217.3,21869.8029,122695.0854,494782.1883
P12709,"['HFAALSTNETEVAK', 'TFTTAETITNANTAK', 'VFSGNRPTTSILAQK', 'AEGATGGLVPHK', 'TGNDPSHIAK', 'EFSEQVRSGEWK', 'TFTNYDGSK', 'EANVTGLRDAMFK', 'ILFDYSK', 'IYESQGK', 'LATELPAWSK']",5.02,2.05,0.93,12461392.0,5088383.496,2322264.8495,19872040.3455
P04806,"['LSGNHTFDTTQSK', 'TTLPERK', 'LPHDMRTTK', 'TGHIAADGSVYNK']",4.68,2.57,0.75,31010690.5,17014173.7498,4988335.8999,53013200.14969999
P06169,"['NIVEFHSDHMK', 'DYETHRVATTGEWDK', 'IRNATFPGVQMK', 'LLTTIADAAK', 'LIDLTQFPAFVTPMGK', 'LTAATNAK', 'SFNDNSK', 'YLFERLK']",4.96,2.13,0.92,56276155.0,24129975.193,10428989.8249,90835120.0179
P04807,"['LGGDRTFDTTQSK', 'IFTVPTETLQAVTK', 'HFISELEK']",4.88,2.01,1.11,25553276.8,10500695.589,5835597.3866,41889569.7756
Q08245,"['AETAAQDVQQK', 'EQAEASIDNLK', 'NEATPEAEQVK', 'QASAAVSEK']",5.17,1.53,1.3,15936556.1,4711136.3391,4002490.8646,24650183.3037
P00549,"['TNNPETLVALRK', 'GDTYVSIQGFK', 'SVIDNARK']",5.01,2.07,0.93,77856362.0,32136607.9956,14421039.0673,124414009.0629
P02406,"['ETAPVIDTLAAGYGK', 'LWTLIPEDK', 'YHPGYFGK', 'GRIPNVPVIVK']",5.51,0.38,2.11,2615280.5,180250.8868,998645.7058,3794177.0926
P0C0W9:Q3E757,"['VLEQLSGQTPVQSK', 'AQNPMRDLK', 'EDTVSWFK', 'AEEILERGLK']",5.0,1.95,1.05,23363470.0,9091437.838,4902082.1755,37356990.0135
P00950,"['HLEGISDADIAK', 'GQQEAARAGELLK', 'VYPDVLYTSK']",5.06,1.71,1.23,82577480.0,27932463.364,20100500.9475,130610444.3115
P00815,"['GNSALLEYTEK', 'VSPEVVYVAEK']",5.28,2.25,0.47,1609737.1,686696.1011,144724.3317,2441157.5328
P05737,"['EYETAERNIIQAK', 'AAGSYYVEAQHK', 'LSNPSGGWGVPRK', 'TAEQVAAERAARK', 'ATLELLK']",4.95,2.05,1.0,14060009.5,5816617.5959,2834040.107,22710667.2029
P60010,"['EITALAPSSMK', 'DSYVGDEAQSK', 'IIAPPERK']",3.85,3.14,1.02,10639865.2,8668330.5791,2807019.2513,22115215.0304
P40150:P11484,"['MVNQAEEFK', 'LLSDFFDGK', 'TFSPQEISAMVLTK', 'AADEAFAK']",4.46,2.38,1.16,26660194.8,14225035.1532,6907318.9164,47792548.8696
P22803,"['SASEYDSALASGDK', 'EVTRVVGANPAAIK', 'MIAPMIEK', 'VVGANPAAIK', 'AEVSSMPTLIFYK']",4.75,2.23,1.01,6323011.1,2967468.3929,1349748.4351,10640227.928
P14540,"['GISNEGQNASIK', 'YTREQVGCK', 'GVEQILK']",5.17,1.6,1.23,115252333.5,35669687.3367,27327596.6569,178249617.49359998
P00330,"['CCSDVFNQVVK', 'VVGLSTLPEIYEK', 'AMGYRVLGIDGGEGK', 'GVIFYESHGK', 'DIVGAVLK', 'ANELLINVK']",5.05,2.05,0.9,26074728.8,10619259.9322,4649737.4557,41343726.1879
P0CX45:P0CX46,"['ASTISRGAVSGQK', 'QIVHDSGRGAPLAK', 'VVFRDPYK']",4.63,1.93,1.44,35687008.0,14900536.4256,11137492.0212,61725036.4468
P04840,"['NELITSLTPGVAK', 'LEFANLTPGLK', 'VSDSGIVTLAYK', 'DGPLSTNVEAK']",3.76,0.6,3.64,2144569.4,342322.6838,2078697.9855,4565590.0693
P46990:P05740,"['ARYGATSTNPAK', 'LYVSHIQVNQAPK']",4.95,1.8,1.25,24371319.8,8838270.5671,6168381.933,39377972.3001
P0CX56:P0CX55,"['DYHTLANNVESK', 'ADVDLHK']",4.78,1.95,1.27,21104659.8,8624505.0666,5604122.2356,35333287.1022
P41277,"['YGEHSIEVPGAVK', 'FAPDFADEEYVNK', 'WAVATSGTRDMAK', 'LEGEIPEK']",4.97,1.58,1.46,14988893.4,4764045.5532,4397867.6384,24150806.5916
P04147,"['AVEALNDSELNGEK', 'ERDSQLEETK', 'NLHPDIDNK', 'QRQALGEQLYK', 'AHYTNLYVK', 'FGPIVSASLEK', 'LYVGRAQK', 'GSGNIFIK']",5.0,1.29,1.7,2104812.4,544402.623,716776.2722,3365991.2952
P46655,"['IHLEGSEAPQEPK', 'AYCDDTPTEK']",5.3,2.3,0.41,5904414.0,2559884.929,451398.5493,8915697.4783
P38013,"['FASDPGCAFTK', 'MPQTVEWSK']",4.94,2.69,0.36,46194861.6,25181467.6112,3405876.3653,74782205.5765
P02293:P02294,"['QTHPDTGISQK', 'HAVSEGTRAVTK', 'ETYSSYIYK']",5.04,1.75,1.22,19861141.6,6885109.236,4790861.2763,31537112.1123
P00358:P00359,"['VVITAPSSTAPMFVMGVNEEK', 'ETTYDEIK']",4.62,1.45,1.93,1214956.2,382605.8877,508022.5189,2105584.6066
P38264,"['SIEEAERAGNAGVK', 'SALEHNEVK', 'YVEPGNAMSGEGEK']",4.76,1.52,1.72,6474016.0,2067576.244,2336918.4306,10878510.6746
P39015,"['ADVPPPSADPSK', 'VELDAERIETAEK', 'EAYVPATK', 'GNNTANATNSANTVQK', 'VNQGWGDDK']",5.03,1.99,0.99,7765073.9,3067871.6486,1522716.9596,12355662.5082
P22943,"['GVFQGVHDSAEK', 'DNAEGQGESLADQARDYMGAAK']",4.94,1.97,1.09,44985506.0,17965572.2842,9923660.736,72874739.0202
P29509,"['IVAGQVDTDEAGYIK', 'FGTEIITETVSK']",5.9,1.21,0.89,1933525.1,397456.9795,290545.2887,2621527.3682
P26785,"['VSSASAAASESDVAK', 'VRSAEYYAK', 'IFEGIPPPYDK']",5.05,2.05,0.9,18458843.0,7477189.7889,3293814.0941,29229846.882999998
P35691,"['LQETNPEEVPK', 'GAQTYVK']",5.37,1.78,0.85,13964071.0,4619371.2807,2223041.9039,20806484.1846
O14467,['LRGNNIGSPLGAPK'],3.84,1.56,2.6,7533131.4,3057573.569,5102408.8951,15693113.864100002
P38088,"['DLVPVTTEVAK', 'VLLVPLSNHK', 'IGVDESK', 'QVRGSVENVIK', 'IDDSGVSIGK']",4.51,1.57,1.92,2227103.0,774785.8678,947789.478,3949678.3458000002
P19414,"['GVPDTARDYRDQGIK', 'VSPTSDRLQLLK', 'NVYTGEYK', 'QNVETLDIVRK', 'DAAAHGLK', 'DMPILIK', 'YGSALNK', 'RLNRPFTYAEK']",4.84,1.9,1.26,6766931.5,2657904.8565,1764816.8836,11189653.2401
P0CX43:P0CX44,"['FPTPVSHNDDLYGK', 'ITSSQVREHVK', 'VTDVRSTIK', 'QVPRLLGPQLSK']",5.33,1.36,1.31,6208930.0,1581849.051,1531937.7623,9322716.8133
P16140,"['DHGDVSNQLYAK', 'LSLEFLEK']",4.75,2.03,1.22,9017485.6,3857243.5881,2311889.0135,15186618.201599998
P05319,"['SVDELITEGNEK', 'VSSVLSALEGK']",5.34,1.72,0.93,10993577.9,3543535.0374,1918113.7731,16455226.7105
P07259,"['HIELQTGPDGK', 'EELPSLVLRQAK', 'DTYIVDNK', 'ISSFGTK', 'QVIAEAK']",5.0,1.7,1.3,3530589.5,1203912.0864,918648.6339,5653150.2203
P25694,"['GVLFYGPPGTGK', 'VEGEDVEMTDEGAK', 'EHFAEAMK', 'AFEEAEK', 'FGLSPSK', 'AVATEVSANFISVK']",4.99,2.01,1.0,2470371.8,995267.2059,496087.6363,3961726.6421999997
P07284,"['GGNPELIRQSQK', 'TAQLSEFDEELYK']",4.42,0.96,2.62,5407927.0,1170004.0318,3200697.1231,9778628.1549
P52910,"['APQHFYNSQPGK', 'VVYEAHNVK', 'RVGEAEIAK', 'VVITCDEGK']",3.59,2.94,1.47,1063777.4,869142.7392,434771.034,2367691.1732
P46367,"['IVGEAITNHPK', 'SPNIVFADAELK', 'NEGATLITGGERLGSK', 'EEIFGPVVTVTK']",4.04,2.98,0.98,7931471.6,5860389.7773,1919698.5323,15711559.9096
P26786,['SIREIDVAGGK'],5.11,2.01,0.88,40097865.1,15738346.6906,6939280.9816,62775492.7722
P05750,"['GCEVVVSGK', 'IMRDPAK']",4.97,2.35,0.68,14897253.0,7048296.8367,2046835.957,23992385.7937
P06105,"['GLEESHPNVK', 'NHDVSVESTLSK', 'ANESLNSLRTK', 'VVEEINK', 'LVVEDEK', 'YLAAEAK', 'SVDIPNADSENK']",5.36,0.22,2.42,3389217.0,135916.2321,1530775.6978,5055908.9299
P40302,"['DTPFTIYDGEAVAK', 'RNADELSSYQK']",5.58,1.68,0.74,212044.2,63961.3724,28035.8217,304041.39410000003
P40202,['SLNHPENEPSSVK'],5.52,1.07,1.41,1238073.0,240477.2722,316442.4464,1794992.7186
P0C2H6:P0C2H7,['AFEERHQAGK'],4.59,2.16,1.25,24306216.5,11431480.6536,6634169.2768,42371866.4304
P14832,"['TAENFRALCTGEK', 'ARIVVAK', 'VESLGSPSGATK']",5.31,1.91,0.78,40398214.0,14564001.7692,5939796.2933,60902012.0625
P10592,"['NQAAMNPANTVFDAK', 'AEETIAWLDSNTTATK', 'EEFDDQLK']",5.0,2.53,0.47,6678737.3,3378671.3364,622953.7345,10680362.3709
P0CX52:P0CX51,"['GLVAYHQK', 'SATAVAHVK']",5.08,2.05,0.86,46247076.0,18700297.4312,7872149.2249,72819522.6561
P0CX40:P0CX39,['FELGRQPANTK'],5.11,1.82,1.07,40815330.5,14503424.3021,8579989.7326,63898744.534700006
P32471,"['AERIAAYNAK', 'QLNASLADK']",4.9,2.34,0.77,24140610.0,11531196.692,3774563.4623,39446370.154300004
P38701,"['VEEQEQQQQQIIK', 'NAEQHNLVK', 'GPVRLPTK']",5.19,1.75,1.05,19161424.5,6466939.2379,3883544.7247,29511908.4626
P10664:P49626,"['AVGAHSDLLK', 'RQAYAVSEK', 'EAVAALK']",5.09,1.95,0.96,61920452.0,23672030.4924,11645156.2072,97237638.69960001
P38972,"['ATNIAHVCGLQDK', 'LPIAVAHGEGK']",5.49,1.99,0.52,1628865.8,591582.4475,154776.8373,2375225.0848000003
P14127:P02407,"['RLCDEIATIQSK', 'ALIERYYPK', 'LQEEERERK', 'GPVRGISFK', 'LTLDFQTNK', 'IAGYTTHLMK']",4.99,2.51,0.5,7370753.2,3699593.8008,734719.8152,11805066.816
P07245,"['SLNSTVTITHSK', 'TQYSLSHDATLK', 'LTTIVQK']",5.32,2.51,0.17,2148034.0,1015005.61,68534.1979,3231573.8079
P38011,"['ASMIISGSRDK', 'FGVPVRSFK']",5.23,1.81,0.95,27496366.0,9537190.9276,5015404.1293,42048961.056899995
P07267,['YDHEASSSYK'],4.57,2.53,0.9,6626091.5,3660735.0248,1306436.3848,11593262.909599999
P00360,"['YDSTHGRYK', 'EATYDQIK', 'HIIIDGVK', 'IDVAVDSTGVFK', 'AAAEGPMK']",5.01,1.82,1.17,24770292.0,9004175.284,5774852.9775,39549320.2615
P26784,"['VASANATAAESDVAK', 'ALRGMVSHK']",4.55,2.36,1.09,13917072.0,7222541.144,3335717.0629,24475330.2069
P33442,"['EVQGSTLAQLTSK', 'LRVDEVQGK', 'APSTFENRNVGK', 'VVDPFTRK']",5.37,1.49,1.14,3195331.0,889577.8941,678436.7583,4763345.6524
P06168,['AAIEDGWVPGK'],4.74,0.76,2.5,2786579.8,447560.7398,1467218.6037,4701359.1435
P00931,"['IVTLCGDAPEGK', 'VIAVTNGTK']",5.33,1.1,1.56,1611535.1,332433.6776,472582.5576,2416551.3352
P00924,"['NVNDVIAPAFVK', 'GVLHAVK']",5.23,1.65,1.12,11139970.0,3523943.429,2389299.6567,17053213.085699998
P38720,"['VDHFLANEAK', 'NIFQSISAK', 'FFADAVTK', 'EISDVFAK']",5.66,0.98,1.36,18799934.0,3254262.2588,4528872.1445,26583068.403300002
P05744:P41056,"['RVNNPNVSLIK', 'HLSYQRSK']",4.97,1.9,1.13,20648200.0,7878904.98,4676316.5013,33203421.4813
P53184,['ATAISAAELGYK'],4.62,2.07,1.31,3055141.3,1368714.0351,865301.6056,5289156.9407
P38427,"['LVNDEASEGQVK', 'QRPLLAK', 'AFEDHSWK']",4.74,1.95,1.3,3136601.1,1290095.1772,861733.3656,5288429.6428000005
P04802,"['AHGLSPEDPGLK', 'FTEVHTPK', 'FVDLDEAK', 'MVRLTYK']",4.8,2.29,0.91,4522623.5,2159168.6406,861788.4203,7543580.5609
P0CX84:P0CX85,"['FEASQVTEK', 'EQLASQLVDLK', 'AYELRTK', 'QIAFPQRK', 'LSRPSLPK']",5.13,2.0,0.87,35655844.0,13933601.2024,6018179.0702,55607624.272599995
P10592:P10591,"['NQLESIAYSLK', 'LIPRNSTIPTK', 'ETAESYLGAK', 'NTISEAGDK']",5.19,2.09,0.72,3676190.6,1483365.0568,510822.8822,5670378.539
P20081,['IDRISPGDGATFPK'],4.79,2.5,0.72,7630006.0,3982839.2226,1143234.064,12756079.2866
P04456,"['ELYEVDVLK', 'VIEQPITSETAMK']",5.08,2.73,0.19,2334386.0,1251197.1306,87244.8279,3672827.9584999997
P37302,"['EGLHGTLGEPTK', 'HTVATVGVPYK', 'NLYVDYYK']",5.03,2.18,0.79,8277918.5,3590428.3729,1297409.6351,13165756.508
P29311,"['ATNASLEAYK', 'IETELTK']",5.07,1.92,1.01,14590742.0,5509994.1916,2905190.5991,23005926.7907
Q12230,"['NAAGNFGPELARK', 'ITDEIAHLK', 'ASIASSFRK']",5.0,2.07,0.93,5669944.0,2350780.256,1056521.5129,9077245.7689
P15108,"['DILGDQVEK', 'IRYQALSDPK', 'EEVQELEELNK', 'FYSAFAK', 'RAPFDLFESK']",4.7,2.53,0.78,9344785.0,5025440.21,1543626.3503,15913851.5603
P17967,"['NHDEIVNDPK', 'ADIADADVFEK', 'NMAPEYVK', 'AAETLVEK', 'AIESLVK']",4.61,2.7,0.7,7376589.5,4312802.7964,1112656.1398,12802048.4362
P38230,['GAHTIAVASTDEK'],4.93,0.92,2.16,882093.8,163800.2864,385752.2118,1431646.2982
Q12306,['VSDGSSEIFFK'],4.83,1.86,1.31,2358298.5,906895.5539,637065.6245,3902259.6784
P17709,"['EGHTLASDK', 'YDVVIDQK', 'GFRIADTVGK']",4.68,1.26,2.06,1432475.9,385339.2373,629671.1789,2447486.3162
P22137,"['DGTNSVAIVDLAK', 'IYIDSNNSPEK', 'LVNDACIEK', 'FSDLIGPSTLIK', 'SDNLPLIK', 'YIEAAAK', 'IIPYCQK', 'AINFYVK']",4.45,0.33,3.22,366245.5,27467.1417,264760.4619,658473.1036
Q12117,"['YNHVQTSTQK', 'APVASPRPAATPNLSK']",4.17,3.32,0.5,4167881.5,3319356.2237,501620.8268,7988858.5505
P54113:P38009,['RNDAIINQSTFK'],5.44,1.07,1.49,6922678.5,1366485.5472,1892098.135,10181262.1822
Q07478,"['GSYVGIHSTGFK', 'STTRANELTK', 'EDEEVLAK', 'IQERFDVK', 'GLAISFVSSK']",4.39,2.57,1.04,2928345.7,1710982.7449,696080.556,5335409.0009
P38250,"['HVVNVQNPPK', 'SLNVEFK', 'SSHDDVANGIVPK']",3.25,2.3,2.46,861803.2,610271.8981,651749.9243,2123825.0224
P32835:P32836,"['LVLVGDGGTGK', 'TITFHRK', 'SNYNFEK']",5.25,1.78,0.97,11567141.0,3927538.0297,2143221.6273,17637900.656999998
P39954,"['VAVVAGYGDVGK', 'AYGDVQPLK', 'RATDVMLAGK', 'ILDEAVAK', 'TGPFEVGVHVLPK']",3.28,2.83,1.89,1235427.5,1066248.2308,710577.5627,3012253.2935
P39004:P39003,"['LAGNASWGELFSSK', 'AYGEGEEHEPVVEIPK', 'DGTNYLSK', 'RSIAVSNK']",3.57,1.03,3.4,142890.3,41192.9432,136257.8796,320341.1228
P02994,"['STTTGHLIYK', 'EIRRGNVCGDAK', 'YAWVLDK', 'SGDAALVK', 'ETSNFIK', 'WDESRFQEIVK']",5.39,1.92,0.69,83316173.9,29715686.0754,10590819.2166,123622679.192
P14126,"['GCIPGNRK', 'GDDEANGATSFDRTK', 'SLYTNTSRK', 'NDFIMVK', 'GRFQTPAEK', 'HAFMGTLK', 'WIDTASK', 'VDWAREHFEK']",0.09,5.42,2.49,179047.7,11293714.2564,5190660.6627,16663422.6191
P38061,"['DLETLTMHTK', 'FLSPSGHK', 'TFLVANVK', 'TYAAEIAHNISAK', 'ASLPHPK']",4.69,0.81,2.5,2884212.0,497194.5772,1536117.2592,4917523.8364
P0CX29:P0CX30,"['GDIPGVRFK', 'SSPFGGSSHAK', 'RLLGTAFK']",4.98,2.09,0.93,34221793.4,14344844.4793,6382488.7815,54949126.660799995
P37291,"['AFHVTPDK', 'NAILYRPK', 'EYQTQVLK', 'QAATPEFK', 'GVDGARVEYICEK', 'INIALNK', 'AVEFAQQVQQSLPK']",5.09,1.88,1.03,18701392.0,6928577.3008,3790962.4673,29420931.7681
Q03973,['IERDPNAPK'],5.26,1.29,1.45,3015430.8,737403.8918,830782.6492,4583617.341
P06367:P39516,"['EVGITAVHVK', 'ETIARVTGGMK']",5.01,1.98,1.01,30877855.5,12179197.5658,6218766.1814,49275819.2472
P41058,['ANDIGFHK'],4.89,2.12,0.99,19603238.0,8511501.0916,3973064.4106,32087803.5022
Q12363,"['SSTPSTYEHISSLRPK', 'FVYQGETVSK', 'TGETTLLSMSK']",5.17,1.47,1.36,3290884.8,934987.1024,863051.633,5088923.5354
P38249,"['EEIANAERQK', 'QREIEEAAAK', 'DGLHQYK', 'IVDERVK']",2.95,3.02,2.03,989004.1,1011984.65,680126.8134,2681115.5634
P48164,"['SIREIDVTGGK', 'TFIDLESSSPELK', 'ADLRPLQIK', 'ILSQAPSELELQVAK']",5.04,2.19,0.77,12621069.0,5468914.8836,1932297.0494,20022280.933
P0CS90,"['EGERLVGIPAK', 'VRDQITSLK', 'LFEQLYK', 'QAIETANK', 'TEELQTSSMK']",4.87,1.8,1.33,17022431.8,6302765.0849,4642720.7473,27967917.6322
P06101,"['AFEYQLHGDDK', 'ESFLRSVQEK']",6.09,0.96,0.95,809251.5,127857.8488,125819.3254,1062928.6742
P41940,"['LATGANIVGNALIDPTAK', 'SISDNVPK', 'ELADFHK']",3.51,1.78,2.72,1725231.6,875039.4958,1337118.3903,3937389.4861000003
P13188,"['EDGTPGGERYACK', 'SENPSSHPEGFLK']",4.24,3.56,0.19,719852.7,604815.3304,32617.831,1357285.8614
P0CX23:P0CX24,['ASGEIVSINQINEAHPTK'],5.31,1.66,1.03,1916980.0,601604.592,372083.8542,2890668.4462
P00729,['YDEEFASQK'],5.19,1.56,1.24,3771518.8,1133794.727,902691.6468,5808005.1738
P47075,"['IRNAENPISK', 'QQNFVRQTTK', 'TICVPVRVEPK', 'THREDWTGEK', 'TELEDNLSK']",7.57,0.19,0.24,4165106.2,104879.7021,131931.7025,4401917.6046
P07281:P07280,"['LEVPGYVDIVK', 'HIDASGSINRK', 'IGIVEISPK', 'VLQALEK']",6.27,0.22,1.52,1034290.1,35917.5468,250444.7936,1320652.4404
P21954,['RGELDNTPALCK'],4.52,2.77,0.71,1220578.0,748707.3684,191631.7403,2160917.1087
P17076,"['TRNPLTHSTPK', 'MGVPYAIVK']",3.95,1.87,2.18,3864405.0,1824663.85,2137514.9375,7826583.7875
P04449,['VEIDSFSGAK'],4.14,2.42,1.44,6735613.0,3932418.7168,2333704.3472,13001736.064000001
P40075,['TVPHENEK'],4.01,2.53,1.46,4705658.5,2963469.6511,1713118.6062,9382246.7573
P05756,['LSSESVIEQIVK'],5.43,1.62,0.95,1837852.5,546839.9495,321602.8278,2706295.2773
Q00955,"['SLAPEVHQQISK', 'AETFHEMEK', 'VALTVLSHSK', 'ISSTIVAQSAK', 'LLDTMNRLDDK', 'LESFAQDLAK']",3.92,1.79,2.29,2878490.8,1317030.8635,1684728.3847,5880250.0482
P25294,"['NPSQRGNLIVK', 'ESLLGFSK', 'TLQFVIQEK']",4.96,1.77,1.28,2747128.5,978324.2585,706770.5359,4432223.2944
Q12250,['GDYSQATVLSRK'],6.0,0.63,1.37,1595436.4,167205.6087,363757.9458,2126399.9545
P19097,"['NAPAVELHGNAK', 'ELVETSEVRK', 'AAEEAGVTDVK', 'VVVTTSRFSK', 'QVLDVDPVYK', 'AVSIETALEHK', 'YASPNLNMK', 'FLTGHPK', 'DIEIVRVNK', 'EVASLPNK', 'YVLITGAGK', 'QDISSSTRVEFEK', 'AFLDSMAQK', 'ETAEQFK', 'GATLYIPK']",5.12,1.92,0.96,4351611.5,1628852.1887,818696.7468,6799160.4355
P23644,"['TLNPSFSEK', 'VACFLERK']",4.28,2.24,1.48,2467279.5,1294275.3575,853072.0569,4614626.9144
P02829,['EILGDQVEK'],5.1,1.89,1.0,9230603.0,3426960.885,1810286.5578,14467850.4428
Q3E754:P0C0V8,"['ADDHASVQINVAK', 'CSATNRIIK', 'GQLVELYVPRK']",4.3,3.18,0.53,1004394.5,742662.1336,122768.4547,1869825.0883
P32527,['LVERAVSEDPRIK'],5.47,2.12,0.41,6679571.0,2590718.7306,500598.8178,9770888.5484
P00445,"['GDAGVSGVVK', 'VQAVAVLK']",5.15,2.02,0.84,46376592.0,18169728.816,7529892.4196,72076213.2356
P16474,"['HGIDVSDNNK', 'VYEGERAMSK', 'FASEDASIK', 'QIAEDYLGTK', 'VAYPITSK', 'VLQDSGLEK', 'YNDRSVQK']",3.42,3.04,1.54,2670791.5,2374631.8575,1198153.6103,6243576.9678
P38968,"['SLPAQNPATATTSK', 'ARVLIASGK', 'GVSITNPK']",5.68,2.2,0.12,1689638.6,655529.7246,35592.1622,2380760.4868
P23180,"['GSSFVSPATRK', 'LVTTGELYHNEK']",6.26,1.4,0.34,3755011.5,836530.0967,203936.8478,4795478.444499999
P05738:P51401,"['VVGPRGTLTK', 'SLVDNMITGVTK', 'HVAALRTVK', 'FLDGIYVSHK', 'VNNQLIK']",5.05,2.02,0.92,54981296.0,21994522.8448,10037449.7821,87013268.62689999
P00817,"['TYTTRQIGAK', 'AASDAIPPASPK', 'LNDIEDVEK', 'VIAIDINDPLAPK', 'YALDIIK', 'ETHDSWK', 'EETLNPIIQDTK']",4.97,1.72,1.31,10192296.0,3524872.9776,2675165.9765,16392334.954100002
Q12672:Q02753,"['TGVVYNVTK', 'VGDIVDIK', 'AQGVAVQLK', 'CRQEFLERVK', 'MVGNRYLEK']",5.05,1.89,1.06,25840520.0,9645504.076,5422713.7017,40908737.7777
P08524,"['ALELASAEQRK', 'ISQVDESRGFK', 'IGTDIQDNK', 'TLDENYGK']",5.03,0.66,2.3,2658250.0,350333.275,1217272.2967,4225855.5717
P30657,"['VVDRESDIPK', 'NLQVENMK']",5.23,1.52,1.25,4014567.2,1166654.9485,960225.6954,6141447.8439
P05318,['ALDGQNLK'],5.01,2.1,0.89,36399536.0,15233525.6384,6492261.3722,58125323.0106
P21264,"['TVILDAENSPAK', 'QEEEVLVK', 'LLAENAIK']",5.18,1.76,1.07,1241416.9,421469.5569,255743.1153,1918629.5721999998
P54115,"['SAHLVFDDANIK', 'LHFDTAEPVK', 'LAFTGSTEVGK', 'ITLELGGK', 'VGNPFDK', 'EEIFGPVVTVAK']",4.37,1.43,2.2,1643418.4,538906.7516,827659.8798,3009985.0313999997
P22203,"['ADQEYEIEK', 'DDIMREYGEK', 'DLVSGGVVVSNASDK']",4.93,1.88,1.19,4607493.5,1760934.3698,1115500.5268,7483928.3966
Q3E7Y3,"['CGVISPRFNVK', 'RQVLLRPSSK', 'FLQVMQK']",4.95,2.5,0.55,2388634.2,1205151.3925,264223.9926,3858009.5851000003
Q05911,"['DVNNALQPFQK', 'VYPVTGQTYSRK', 'SQIGSSAMAYK', 'LVNVINRLAK', 'HVEITDDEIAK']",4.15,2.71,1.14,1694599.6,1105154.6221,464975.729,3264729.9510999997
P15019,"['LFEQEGVSK', 'ISYISDESK', 'VANNSLEQLK']",5.01,2.01,0.98,15427434.0,6204254.1726,3025248.2793,24656936.4519
P48589,"['QLGEWAGLGK', 'VVGASVVVVK']",4.73,1.97,1.3,2141218.0,889770.019,589851.8763,3620839.8953
P40024,"['TRSELETNQMK', 'QQEEIQHIK', 'SALEFVRDK']",5.42,1.15,1.44,1540342.4,326010.2194,408293.7338,2274646.3532
P38624,"['GEVYTIPLGGSVHK', 'HSLSQAIK', 'EETVDFIK', 'ELCYENK']",2.89,1.47,3.64,542758.9,275007.0947,683248.5082,1501014.5029000002
P47068,['TLDPHATTEHEQK'],4.42,1.24,2.33,1108510.0,311187.195,584743.8291,2004441.0241
P32599,['DGDATYDEARETLK'],5.13,1.54,1.33,1356709.9,406331.5335,351014.2152,2114055.6487
P00358,['HIIVDGHK'],5.26,2.09,0.65,69549272.0,27606780.7104,8655316.0184,105811368.7288
P16120,"['IYESSVNPK', 'SGLYERSDK']",4.99,2.3,0.72,3632137.5,1671325.9613,521709.307,5825172.768300001
P32861,"['TCSDLLLVK', 'EHIDEFK', 'LDDAARAK']",4.58,1.17,2.25,1518914.4,386535.2573,746467.3276,2651916.9848999996
P19882,"['VIEFLSANK', 'LLASAMEK', 'EAIQERIEQIK', 'LGVDIIRK', 'FENMGAK', 'APGFGDNRK', 'LQERLAK', 'AITRPAK', 'LIDEYGDDFAK']",5.01,1.61,1.38,4223411.5,1357317.5891,1163409.8851,6744138.974199999
Q01855,"['THSYRGVDLEK', 'LLEMSTEDFVK']",5.38,2.03,0.59,10427726.0,3925950.0756,1144829.4998,15498505.5754
P38616,"['SSAGAVVVANAK', 'RGVLSVTSDK']",5.63,1.71,0.66,7341313.0,2232422.3177,860123.0954,10433858.4131
P07283,['TYCLQHVEK'],5.15,1.43,1.42,3495967.8,972568.56,964743.0417,5433279.401699999
P15625,['NNSHLDSIDAK'],5.16,2.15,0.69,1460479.8,608540.1919,196141.9379,2265161.9298
P53278,"['IIDVNAEHNNK', 'VQNEIDNLEK']",5.8,1.09,1.12,738340.5,138259.7087,142424.0555,1019024.2642
O14455,['VTQMTPAPK'],4.34,2.4,1.26,2570710.0,1422216.513,743887.667,4736814.180000001
P25443,"['TRTLENTLK', 'GWVPVTK']",5.45,1.98,0.57,31110390.0,11286322.314,3266195.1878,45662907.50179999
Q06440,['IVSEGPAHTGAK'],5.99,0.47,1.54,1842099.1,145391.047,472848.5247,2460338.6717000003
P15108:P02829,"['SPFLDALK', 'LLRYNSTK', 'TFEISPK', 'TLVDITK']",4.79,2.37,0.84,4363144.0,2165054.9592,765862.9255,7294061.8847
P07991,['GAHVWDPEGK'],4.91,2.81,0.28,1824939.6,1044841.7416,102345.7384,2972127.08
P38625,"['NFAVDLCHAK', 'VIDDSNSLFK', 'LHGLPTGYK']",4.52,2.53,0.96,1210557.4,677287.1963,256808.618,2144653.2142999996
P40531,"['VALNSSECLNK', 'LQEISTSVSEK']",5.58,1.56,0.86,3558901.9,992418.1797,547072.4546,5098392.5342999995
P27809,['AAEIRADAATK'],5.1,1.6,1.3,1023404.6,320303.4463,261439.3536,1605147.3999
P02309,['ILRDNIQGITK'],5.06,1.68,1.26,1874223.4,623037.2557,467657.2391,2964917.8948
P26783,"['GSSTSYAIK', 'DELERVAK', 'WSFEEVEVK', 'TIAETLAEELINAAK']",5.01,2.06,0.92,8627679.0,3551653.5092,1584856.6058,13764189.114999998
P36008,"['ALTYTPPK', 'HPLEALGK', 'TPFAEVK', 'GLIPYNK']",4.96,1.87,1.17,14822142.0,5582404.0056,3497864.5554,23902410.560999997
P24000,['VEVDSFSGAK'],5.73,1.24,1.02,5173314.0,1123340.1644,924049.9188,7220704.0832
P41921,"['SHLGMGSENVGIK', 'EGINVHK', 'VELTPVAIAAGRK']",5.08,2.72,0.2,765150.7,409523.8501,29882.0331,1204556.5831999998
P36105,['WAAAAVCEK'],4.19,2.92,0.89,8811725.0,6145930.66,1884153.404,16841809.064
Q05506,['RMEDGDEEALK'],4.0,2.33,1.67,1127171.2,655893.9101,471857.4448,2254922.5549
P22146,['TSGYADRTAEFK'],5.36,1.47,1.17,6490453.0,1779464.8113,1418869.9163,9688787.7276
P16862,"['TISDTAAVVGVK', 'AAIDFYTK', 'AVAEAIQAK', 'TNRISNEQYERMK', 'NVEAHLK']",5.0,1.84,1.16,4760379.0,1756205.6427,1104752.2017,7621336.8444
P0CX42:P0CX41,['VMPAIVVRQAK'],5.14,2.12,0.74,17255607.5,7124461.214,2480426.9265,26860495.6405
P32497,"['VSRENEDSMAK', 'GNWRDSVK', 'RIPYSPK', 'SSFNDISK']",3.66,1.51,2.83,755434.1,311012.8858,584586.6838,1651033.6696
Q03104,['DDLINLAK'],5.16,1.2,1.64,864742.2,201613.3583,275332.1461,1341687.7044
P13663,"['NRPAPSVEQVK', 'EYVCDAYK']",4.54,2.94,0.52,4114914.0,2663752.1158,472572.1684,7251238.2842
P17536,"['NQQLEDEIEK', 'NHQLEEEIEK', 'LEAGLSDSK']",5.0,2.08,0.92,1428216.2,593074.5642,263109.7125,2284400.4767
P33333,"['GAFHLAQQGK', 'RQEAIDTLNK']",4.87,2.34,0.79,1509271.4,724862.8143,245705.7067,2479839.921
P05755:O13516,"['LAGEFGLK', 'LDYVLALK']",5.1,1.63,1.26,9702644.0,3105952.1044,2404244.8352,15212840.9396
P40185,"['AEQVFQNVK', 'LAPPAAASYSQAMK', 'NFAEFNSVYAK']",5.29,2.28,0.43,11221779.0,4851599.2461,912888.3331,16986266.5792
P36015,['TIENVLQRGEK'],4.69,2.11,1.19,1711399.4,771037.943,434073.8241,2916511.1670999997
P0CX83:P0CX82,"['ALNEEAEARRLK', 'RLAASVVGVGK', 'RALVEHIIQAK', 'AVTVHSK']",4.44,2.88,0.68,16327376.0,10617862.5936,2504311.4852,29449550.078799997
P32589,"['AYNRILTAAEK', 'TGAEVRFAGEK', 'NRYLGETGK', 'IDIRENPK', 'NTVANLK', 'VLGTACDK']",5.02,1.55,1.43,4202791.3,1299247.9263,1194796.3536,6696835.579899999
P00958,"['ELPQQHVEVLTNK', 'IHSDVYK']",3.2,2.48,2.32,747097.9,579835.4377,542508.1533,1869441.491
P05694,"['GTISAEEYEK', 'FIHDAAVK', 'ARVASIDEK', 'AVDVTALEMVK', 'FINSEIEK', 'ITVDELFK']",3.49,1.68,2.83,3101108.0,1487512.8648,2510263.5347,7098884.399500001
P05749:P56628,['YLIDHIK'],4.86,2.0,1.14,40699812.0,16707805.2312,9537529.8649,66945147.0961
P05743:P53221,"['QSLDVSSDRRK', 'ELRAQYGIK', 'FAVQVDK']",4.74,2.56,0.69,56212670.0,30398200.489,8202937.9623,94813808.4513
P01123,['RVVEYDVAK'],4.8,1.1,2.1,4163390.5,949368.0163,1821075.3262,6933833.8425
P15624,"['FLRQSDNGDLAVK', 'TGEEPELK', 'MSLHAVQSK']",5.31,2.62,0.06,716202.9,353869.1001,8493.1503,1078565.1504000002
P17255,"['SDSSREVPELLK', 'EVHGEFEK', 'ILEVEFDGK', 'LASFYERAGK', 'TVISQSLSK', 'TVNLYSK', 'YTNVLNK', 'DGRPREVIK', 'LNLCAEYK', 'WQFTPGK']",4.63,2.56,0.82,9804399.0,5419829.7518,1732227.712,16956456.463800002
P0CX28:P0CX27,"['HFELGGEK', 'TRAQLTLK']",4.92,2.09,0.99,36241424.0,15380206.632,7318422.5335,58940053.1655
P43593,"['AEELTQVPSARQK', 'GGLSGEESIK']",5.21,2.01,0.78,1330027.1,513929.965,198005.2665,2041962.3315
P40212,"['IIVFPRDGK', 'VHFDQAGK']",5.05,1.88,1.06,6869951.0,2563416.4997,1446860.023,10880227.5227
P05759,"['LAVLSYYK', 'DRLYCGK']",4.77,3.09,0.14,3890304.2,2516665.5424,117989.4283,6524959.1707
P38791,"['MLEEQDEYVK', 'HIDELDDHEK', 'MIDRFGK']",4.77,1.21,2.03,766936.4,194037.7286,326013.863,1286987.9916
P31373,['THPNYDVVLK'],5.34,1.01,1.66,8745138.0,1648860.6638,2713699.0608,13107697.724599998
P21243,['AEAAEFRYK'],5.6,1.79,0.61,4617451.0,1475215.7595,498757.765,6591424.524499999
P48836,"['EAHEIVSK', 'AEAGVQGELAEIK', 'NAGGVGELEK']",4.73,3.11,0.15,5046852.0,3320452.6076,162103.7242,8529408.331799999
P05748,['YLEELQRK'],5.2,2.09,0.71,42843496.0,17243167.1216,5832290.0803,65918953.201900005
P16649,['SLDHTSVVCCVK'],4.08,0.63,3.29,483967.7,75331.0663,390395.304,949694.0703
P10659,"['SDEEIIDIISK', 'IVRDTIK', 'TQVTVEYK', 'IGYDDSAK']",3.37,0.87,3.76,32290.4,8304.4687,36058.5799,76653.4486
P0CX67:P0CX69:P0CX71:P0CX58:Q6Q5H1:P0CX74:Q04706:P0CX75:Q12217:P0CX65:P0CX59:P0CX76:P0CX57:P0CX66:P47099:P0CX70:Q92392:Q12485:Q12085:P0C2I8:Q12470:P0CX60:O74302:Q12441:P0CX72:P0CX68:Q03856:P0CX73:P0C2I4:Q07793:Q99337:Q12088:Q12141:Q03612:P47100:Q99231:P0C2I6:Q12273:Q12269:Q03855:Q12316:P47098:Q92393:Q12414:P0C2I9:P0C2I5:Q03434:Q04670:Q04711:P0C2I3:P0C2J1:Q03619:P0C2I2:Q12193:P0C2J0:O13535,"['STTEPIQLNNK', 'VIARNPQK']",5.41,2.02,0.57,3687643.0,1376497.5487,388889.9018,5453030.4505
P0CH09:P0CH08,['CGHTNQLRPK'],4.93,1.27,1.8,530463.8,136238.1442,194064.7211,860766.6653
P40008,"['VVAIVERDNSK', 'VQFVSSK']",5.72,0.98,1.3,1212198.8,207802.6949,274294.4136,1694295.9085000001
P33330,"['GGVEAQQAENEEK', 'MNVVFTLK']",4.19,1.94,1.87,698393.6,324106.5251,312478.5063,1334978.6314
Q04773,['LIATNNVTHK'],4.65,1.52,1.83,1245201.8,406236.1862,489479.4787,2140917.4649
P23301,"['LEDLSPSTHNMEVPVVK', 'IVDMSTSK']",4.28,1.17,2.55,767222.9,210469.2389,456702.5364,1434394.6753
P0CX31:P0CX32,['VISNPLLARK'],4.78,2.16,1.05,19560052.0,8851083.18,4304630.1745,32715765.3545
Q12499,"['STLIVSETK', 'VSSQLEK']",5.75,1.24,1.0,2833818.2,613146.4149,495081.3572,3942045.9721000004
P31539,"['HGHEELTQAK', 'GDFEERFK', 'LNLTQEAK', 'EIEERFEQNDK']",4.24,2.52,1.24,2102402.0,1248619.2062,613228.4482,3964249.6544
P15180,"['YHPDPADPAK', 'THEPNPYPHK']",4.14,3.07,0.78,3045200.2,2259702.0447,574419.475,5879321.719699999
P18239,"['TAASPIERVK', 'TPLPPAPAPK', 'YDGAFDCLRK', 'LLIQNQDEMLK', 'YAGILDCFK']",4.75,1.97,1.27,9075698.0,3769910.0156,2433465.1515,15279073.1671
P38626,"['AIAMDPHDTTK', 'TILTHNTSMYK']",4.26,2.89,0.86,1678617.0,1137392.0466,337930.5026,3153939.5492000002
P80210,"['GIGPTYSTK', 'YEDLPENAK', 'LVDLLVGK', 'VLPGWDQDITK']",4.92,2.21,0.87,3949766.2,1770052.3745,699175.9204,6418994.4949
Q08645,['LGIAGEFQK'],5.33,2.09,0.58,29244928.0,11474993.616,3179192.896,43899114.511999995
P40413,['TVTCFVRGSNK'],5.34,1.19,1.48,618988.9,137769.9596,171422.7738,928181.6334
P07244,"['DIAYRAFQNSESSK', 'LAQSPTVGK', 'QFGEEAGK', 'ITLDTDK', 'RIFDGDK']",2.22,4.64,1.14,428002.2,895237.5663,219752.8495,1542992.6158
P53834,['LTSLSTVSSDGK'],5.28,2.07,0.65,1903390.9,745424.0415,235006.7501,2883821.6915999996
P15303,"['VQGLIGHASAVK', 'ALLEEPK']",3.57,2.93,1.49,989896.9,812296.4141,413438.1097,2215631.4238
P07149,"['LLQENDTTLVK', 'DFEITAK', 'LVPTLEAK', 'DIAVLRSK', 'AAFEDLK', 'YIPNLTAK', 'AIFPNTVDGDLLK']",6.44,0.86,0.7,1168317.9,156375.8091,126541.8714,1451235.5805
P00359,['HIIVDGK'],5.12,2.39,0.49,14235158.0,6649172.2632,1367777.658,22252107.9212
Q12159,"['LLDTTREVK', 'VNVEGLPRDIK']",4.86,1.71,1.43,11911288.0,4190616.8352,3495543.7753,19597448.6105
P54839,"['TRPQNVGIK', 'SYNIDTNK', 'FDGVSQGK', 'IVGDVQHIIK', 'TFVNVAK', 'RITETPK']",5.93,1.51,0.55,5394137.5,1373315.8912,504210.8713,7271664.2625
P11075,['ALNPNTHTANK'],3.24,2.01,2.75,1041035.0,646316.63,881528.7903,2568880.4203
P39938,['VSPADAAK'],4.98,1.93,1.09,7713188.0,2992394.9244,1680731.6439,12386314.5683
P31412,"['VDNQIGASIGK', 'NVQEFTTAAREK']",4.26,3.06,0.68,1813308.2,1304943.7559,290304.083,3408556.0389
P00925,['NVPLYQHLADLSK'],4.76,2.81,0.43,5226869.0,3087588.5974,467072.8488,8781530.4462
P38219,"['DIEFAQK', 'RGGQSLEVK']",5.61,2.14,0.26,3671506.5,1398421.8089,167455.3328,5237383.6417000005
P38707,['TRIYDSYSK'],5.01,1.74,1.25,3879508.8,1351367.408,966901.6027,6197777.810699999
P07213,"['NDPLGAHEDIK', 'LDPRSEQAK']",4.61,0.89,2.5,1000416.9,192960.5307,542259.6733,1735637.1039999998
P27810,['SVEDRFNSK'],4.01,0.58,3.42,1246266.4,179200.3338,1062517.1445,2487983.8783
P05317,"['IARGTIEIVSDVK', 'LREYLEEYK']",5.42,2.26,0.32,1103632.9,459647.5003,65197.6353,1628478.0355999998
Q03161,"['GVQIHTLK', 'TAIEVENTSSSK']",3.42,0.6,3.98,1593128.1,280330.6836,1854219.0235,3727677.8071
P0CX37:P0CX38,"['RIGQEVDGEAVGDEFK', 'QGVLLPTRIK']",4.42,2.63,0.95,5829659.5,3468217.2078,1251408.1554,10549284.863200001
P16547,['DALLGVSQK'],6.87,0.26,0.87,945292.7,35088.1595,119757.7685,1100138.628
P10081,"['VEELTTK', 'DELTLEGIK']",5.09,1.83,1.08,15762260.0,5656411.56,3341306.7754,24759978.3354
P21304,['SELENVQARAK'],2.2,4.41,1.39,160580.6,322692.7428,101837.1249,585110.4676999999
P39935,"['ASSEENISEAEK', 'EVPVQEETK']",3.95,1.86,2.19,640714.9,301369.1111,355704.897,1297788.9081000001
P38431,['ILVTPEYEK'],4.96,2.1,0.94,8304337.0,3517956.9825,1570184.576,13392478.5585
P38754,['WAAAGVCEK'],4.66,2.37,0.97,4315007.5,2190486.7245,897651.5237,7403145.7482
P40495,['ATGTRVADATK'],5.79,1.97,0.24,1624332.6,553615.8282,67694.17,2245642.5982
P07246,['SEVFSHVVK'],4.99,2.09,0.92,7977314.0,3340519.3714,1463698.1785,12781531.5499
P36017,['IDMLQEGGERK'],5.15,1.31,1.55,1184895.1,300571.9704,355790.2709,1841257.3413
P18562,['ILIQRDEETALPK'],5.77,0.68,1.55,1243551.4,147435.9542,333391.3325,1724378.6867
P49089,['FDALFPQK'],4.66,3.02,0.32,1474052.8,954378.8979,100742.5434,2529174.2413
P40046,['IALPTRVEPK'],5.28,1.29,1.42,7187304.7,1760807.0557,1936247.298,10884359.0537
P40893,"['SVFQEAGK', 'VTLETDEK']",5.65,1.34,1.01,3276229.5,774938.4806,586233.4232,4637401.4037999995
P32288,['EMRQPGGMK'],5.39,1.58,1.02,4444273.5,1305909.4517,842288.0221,6592470.9738
P04801,"['VASMPRVPLK', 'FERLVMSK', 'TYLVQTK', 'MELSTRPEK']",4.28,2.89,0.83,2826013.6,1910067.3219,550880.6425,5286961.5644000005
P40825,"['HNDLEDVGK', 'FIDISPNAK', 'GIDGSALAK']",4.55,2.68,0.76,1807977.1,1065749.5987,301881.7631,3175608.4618
P20606,['TTLLHMLK'],2.66,3.3,2.03,593729.9,737269.024,453858.2729,1784857.1969
P40303,['LQDTRITPSK'],5.36,1.96,0.67,3417708.2,1250750.6325,429295.0046,5097753.8371
P16861,"['FIEQWNK', 'AQSQGALLK', 'EEVAPYK']",4.78,2.39,0.83,3292828.5,1650692.0974,572878.2618,5516398.859200001
P15565,['IVRYQENPTK'],3.24,1.12,3.64,546668.4,189403.3367,614927.4883,1350999.225
P38986,['DINEDILYK'],4.52,3.3,0.17,1856630.9,1355736.7023,70724.3782,3283091.9805
P37012,"['HHPENEASIK', 'FIDNQRSTK', 'IAAIGAANGIK']",4.6,0.63,2.77,542800.8,74319.8178,327637.126,944757.7438
P00830,"['VQETLQTYK', 'IGLFGGAGVGK']",5.95,0.39,1.66,5231581.0,346704.5646,1459318.0188,7037603.5834
P00447,['MIAIQQNIK'],4.96,0.98,2.06,984634.3,195181.0665,408244.0416,1588059.4081000001
P54885,"['ANAHAIEEANK', 'ESVNTFREMAK']",5.3,2.46,0.24,1747722.1,809336.4883,78927.7361,2635986.3244
Q12329,['IEDRVGIDEK'],4.96,1.56,1.48,3254345.8,1019780.5424,970457.0913,5244583.433699999
Q12109,['VTQQVSELK'],5.47,2.29,0.24,1491415.2,625721.6478,65222.8719,2182359.7197000002
P29952,"['ILHAQDPK', 'VLSIQAHPDK']",4.09,2.93,0.98,4496293.0,3216783.0352,1074342.1376,8787418.1728
Q03048,['MVYASSK'],5.09,2.25,0.66,5621572.0,2482234.6204,730863.827,8834670.4474
P23254,"['LFSEYQK', 'LPTYTAK', 'LGNLIAIYDDNK']",0.44,7.45,0.11,679143.6,11409218.692,161954.8267,12250317.1187
Q05016,['TVLITGASAGIGK'],5.09,0.96,1.95,293952.8,55517.8866,112391.2394,461861.92600000004
P61830,"['STELLIRK', 'SAPSTGGVK']",0.45,7.25,0.3,697480.4,11304860.1936,473837.3313,12476177.9249
P0CX48:P0CX47,"['QPHIFNNPK', 'NAGLGFK']",4.74,2.58,0.67,17912702.0,9756155.7936,2532568.9913,30201426.784900002
P15705,"['ATAQIAVK', 'AEEARLEGK', 'SLTEHRTADILTK']",5.21,1.37,1.42,4057890.8,1064019.5637,1109799.1492,6231709.5128999995
P07257,"['DLSPAINYTK', 'ISTLAVK']",6.07,1.02,0.9,151182.6,25482.2311,22533.9388,199198.7699
P07806,"['VFVESNHEEYFK', 'EEYHSRIK']",4.85,2.77,0.38,909218.6,519378.6061,71224.047,1499821.2531
P40525:P87262,['TPGGILRAQHVK'],5.35,1.72,0.92,7588209.4,2440850.0387,1308843.8882,11337903.3269
P38426,['SAVITPVSK'],4.78,2.0,1.22,54754864.0,22880526.2432,14013444.4856,91648834.7288
P09232,['LIHYSTK'],4.97,2.25,0.78,5862001.5,2654601.0183,921963.674,9438566.192300001
P18899,['IGEDRFDK'],5.24,2.18,0.58,9212077.0,3834785.6319,1012783.9397,14059646.5716
Q02326,['ALIAEIK'],5.4,1.32,1.29,5943456.5,1451872.3325,1417742.2425,8813071.075
P27616,"['TGTVHGLK', 'FEFGIDEK', 'VGESQDSYDK']",5.03,2.27,0.7,904788.1,408780.3452,124996.6028,1438565.048
P15992,"['DIDIEYHQNK', 'VVVPGVK']",4.95,1.37,1.69,1328221.5,366631.4628,452697.6192,2147550.582
P22515,"['TDIEQYK', 'NFPRNEK', 'LNDGTLFK']",5.25,1.77,0.98,4250330.0,1434001.404,795250.3308,6479581.7348
P0CT04,['VPDVLHLNK'],4.22,2.68,1.1,2285732.2,1448760.5896,596686.9667,4331179.7563000005
P15496,['LDHELGIPEDETK'],3.87,2.94,1.19,512570.2,389704.9908,157928.5647,1060203.7555
P49166,['TRSYNWGAK'],4.21,2.31,1.48,4465452.5,2443688.5213,1570665.4386,8479806.4599
Q12118,"['DYELAINK', 'VEQSLNLEK', 'EYDQAVK']",4.75,2.95,0.3,928226.2,575525.5482,58419.6423,1562171.3904999997
P53691,['HVVFGEVIQGK'],4.36,2.52,1.11,724273.4,419266.8006,185185.4111,1328725.6117
P50095:P38697:P50094,['NQNYPLASK'],5.32,2.51,0.17,4017515.2,1896008.0256,124782.5367,6038305.7623000005
P00937,['AVAAEQALK'],6.21,0.07,1.72,330031.4,3753.9308,91699.3859,425484.7167
Q04182,['GTRVPQTPK'],4.25,2.22,1.53,2019421.5,1052946.9848,727097.4347,3799465.9195
P08566,['NLLHSDDTK'],4.27,2.39,1.34,1360376.9,761592.5554,428488.1459,2550457.6012999997
P29453,"['MGVPYAIIK', 'EAAAIAEGK']",5.24,2.11,0.65,2911175.8,1172633.8256,361394.0748,4445203.7003999995
P27692,['TSEEDAQRLAK'],5.22,2.62,0.16,775506.1,388996.5737,24010.7247,1188513.3983999998
P38804,['AQVENEFGK'],4.65,2.28,1.08,6884848.5,3375122.1863,1592804.3519,11852775.0382
P43639,['ELEEYVERK'],4.31,1.73,1.96,389548.0,156605.3712,176642.3282,722795.6993999999
P30624,['VAQYTVPVGK'],5.46,2.06,0.48,1253694.6,473922.5759,110241.2293,1837858.4052000002
P39986,"['GTVITPEIRK', 'FLVDESPK', 'IAVLHGGTK']",3.88,3.32,0.8,1706705.5,1458395.9301,350925.2509,3516026.681
P39939,['VSPAAAAK'],4.69,1.72,1.59,2122040.5,778528.6399,718981.9977,3619551.1376
P11154:P32327,"['LQAVGDLNK', 'VVEVAPAK']",4.88,2.15,0.97,1776782.0,781258.4064,352276.033,2910316.4393999996
P16387,"['NDPIAGLK', 'DWCLSGK', 'RGQYIPGLK']",4.41,3.02,0.57,3256352.2,2226030.2649,418943.7787,5901326.2436
P00812,['RADLVGEATK'],4.94,1.96,1.1,1652073.5,654239.6667,368915.6201,2675228.7868
P14843,['AAYDYADRLAK'],5.51,0.81,1.68,1844636.8,271438.1195,563625.496,2679700.4155
P50085,['SAELIGEAIK'],5.49,0.73,1.78,4243299.5,560396.3879,1375171.5617,6178867.4496
P38205,"['DVIQANDDRLK', 'IIYSGVK']",3.87,3.33,0.8,452908.8,389088.568,93521.4767,935518.8447
P06103,"['EDIIAGFK', 'ALTSLFSK']",5.61,1.39,1.0,527502.8,131111.895,94023.3724,752638.0674
Q05775,['ALTAAITPMNK'],4.69,2.2,1.11,1599289.0,748733.8961,377627.2128,2725650.1089
Q08208,['TRTVLPDSK'],5.06,2.18,0.76,4084790.2,1760383.5908,617798.6407,6462972.4315
Q12460,['LQQDDIGSRLK'],4.47,3.24,0.29,2347339.8,1697891.5495,152062.4526,4197293.8021
P17555,['NPELRQSSTVSSTGSK'],3.09,3.33,1.58,562469.2,606583.2516,287034.5863,1456087.0378999999
P32588,['QIENNIVK'],5.09,1.44,1.48,3486348.5,986555.2322,1011293.9981,5484197.7303
P47079,['IIVNHLGK'],5.11,1.8,1.09,2548726.8,897879.7456,543636.4673,3990243.0129
Q04491,['IFEVEGETHK'],4.85,2.3,0.85,4115284.0,1946273.2328,721421.4076,6782978.6404
P38788,"['VGFVISRGEGK', 'DGALRVTARDLK']",5.34,1.46,1.2,6687220.0,1828194.102,1509083.9802,10024498.0822
Q03063,['SAPAQVTQHSK'],4.49,2.82,0.68,401242.2,252204.4599,60958.4801,714405.14
P32614,"['GVQELMAK', 'VVDIHEK']",0.33,5.73,1.94,255478.3,4425128.8362,1499134.7889,6179741.9251
P40215,['VAPTTGVVAK'],0.38,7.45,0.17,122354.2,2424276.871,56087.2367,2602718.3077
Q03370,['TLTISTNLESK'],4.87,1.67,1.46,1566141.8,538156.122,468533.7827,2572831.7047
Q08444,['LVHPSENSIAK'],5.74,0.48,1.78,341664.7,28499.2218,106063.993,476227.9148
Q02725,"['DLTNSHLVNEVPK', 'LHPNYPSVK']",5.55,0.96,1.49,1028373.0,177609.3832,275582.3348,1481564.718
P39976,"['DNTGYDLK', 'LISEGMMAK']",5.46,0.11,2.43,1018321.8,20909.9746,452408.5973,1491640.3719000001
P38777,['SVVDHIK'],6.59,0.83,0.58,2020503.2,255059.18,177476.1334,2453038.5134
P43603:P32793,"['GDVITILK', 'GINNPIPRSLK']",5.88,1.93,0.2,178296.1,58490.3407,5963.043,242749.4837
P40580,['SISQSNSEHDIK'],3.97,1.08,2.95,603961.9,164736.5735,449771.9608,1218470.4343
Q08972,"['IVDVLSK', 'EIDIDDGRGK']",5.02,1.99,0.99,36378880.0,14400010.272,7154409.6997,57933299.9717
P39517,"['DTRPQTDDVLNTK', 'TAAFVIPTLEK']",6.98,0.82,0.2,793612.8,93707.9438,22240.6139,909561.3577
P30822,"['SDLTLVQILK', 'ARNLDDVVK']",1.04,3.67,3.3,98742.5,348395.195,313142.8567,760280.5517
P12385,['LVQSLEK'],3.99,3.42,0.59,2845993.2,2443131.3351,419671.6808,5708796.2159
P43585,['NAGPVNVEAK'],6.08,1.85,0.07,1431819.4,434613.5418,17218.4984,1883651.4401999998
Q00055,['GFEVGAK'],4.67,2.18,1.15,4976851.0,2327531.5314,1230323.8917,8534706.4231
P39714,['QRIEDGWEK'],6.19,1.36,0.46,1607835.4,352401.8945,119329.8729,2079567.1674
P33201,['LVTLAQTDK'],5.17,1.57,1.26,2153430.0,655441.109,526184.7397,3335055.8487
P06780,['LVIVGDGACGK'],5.14,1.66,1.2,949804.7,307476.0126,221340.5958,1478621.3084
P38715,"['AISEGLVSRK', 'DIFVVSK']",5.14,1.89,0.97,2958249.8,1085180.3954,556438.7121,4599868.9075
P07278,"['SPFVNEDPHSNVFK', 'ILLGSSFK', 'LADALDTK', 'SEQQLQRLEK']",5.09,1.81,1.1,961986.8,340887.7128,207619.9182,1510494.431
P26321,"['TDYYQRK', 'LGLDETYK']",5.07,1.92,1.01,31190812.0,11838728.254,6209975.5797,49239515.8337
Q03640,"['LISGHGLK', 'FHLDSDDK']",6.15,0.42,1.43,2365342.2,161284.3539,552228.5264,3078855.0803
Q12154,['FGEITNK'],0.17,6.9,0.92,94530.6,3746235.9727,501061.2007,4341827.7734
Q04371,"['GDLNYRK', 'SNLVIFK']",5.71,0.48,1.81,1043140.4,88070.4322,331123.5676,1462334.3998
Q07648,"['LLRSDLGEEK', 'ELYEEFLK']",5.44,2.37,0.19,1327999.8,578318.5544,45382.7072,1951701.0616000001
Q06177,['WTVHEAK'],4.95,2.98,0.07,8457942.0,5089702.3408,120825.1593,13668469.5001
Q01560,['AIEEVHGK'],5.81,1.67,0.52,5437781.5,1565171.1282,483133.0021,7486085.6303
P23585,['LETDESPIQTK'],5.06,0.45,2.49,900839.2,80896.6786,442915.4137,1424651.2922999999
Q99383,['TQHILDGK'],6.38,0.63,0.99,1186264.5,116634.3196,183693.6983,1486592.5179
P17695,"['TYCPYCK', 'EVFVAAK']",5.97,0.58,1.45,2732082.0,265729.813,665344.6662,3663156.4792
P09624,['IVSSTGALSLK'],5.08,2.29,0.64,1137197.0,512236.5063,142867.5005,1792301.0068
P0CX36:P0CX35,"['YALNGREVK', 'AILMQRHVK', 'IDLASGK']",6.31,0.58,1.11,3899437.8,358513.6727,688616.299,4946567.771699999
Q04869,['VADIPENK'],4.82,1.76,1.42,3992848.5,1456769.051,1177336.7909,6626954.3419
Q06107,['TTSERQAQHYK'],5.35,1.86,0.78,3318041.8,1154887.1552,486150.6377,4959079.5929
P38703,['SIDRLVVNAK'],5.84,1.45,0.7,670362.8,166716.4296,80575.5252,917654.7548000001
O13297,['SDEEQRIPK'],3.92,1.7,2.38,186069.3,80911.8912,112773.9162,379755.1074
Q92317,['TIAPEHVIK'],4.79,2.65,0.56,1094563.8,604332.277,128006.8262,1826902.9032
P33331,['LVSLPFQK'],6.12,0.11,1.76,4149686.5,76835.3223,1196428.6591,5422950.4814
P33767,"['DLEQRNYK', 'NLARQIPVK']",6.04,0.26,1.7,2036099.5,86521.3431,572146.6402,2694767.4833000004
P05453,['AYFETEK'],5.56,1.37,1.07,2499438.2,614434.0891,480855.2907,3594727.5798000004
P53199,['GTRNVIDMCK'],6.55,0.8,0.66,1363953.8,166266.0941,136874.1091,1667094.0032000002
P54838,"['ALQSDFEEIK', 'SGAEQVIK', 'FESELNEK']",1.67,3.7,2.62,347151.8,767283.8458,544148.381,1658584.0268
P29478,['SVYETPK'],5.79,1.13,1.08,610111.4,118599.5113,114134.3573,842845.2686000001
P35732,['QIEQPSLSSK'],4.87,1.72,1.41,2713964.2,959038.6032,785967.2759,4458970.0791
P07251,['ELLASLK'],4.5,2.44,1.06,2024863.6,1095703.1988,476069.131,3596635.9298
P09436,"['GQVYRGFK', 'EHFDMLSK']",5.29,2.38,0.33,4753512.0,2138831.2896,292508.079,7184851.3686
P40515,['STDVNDERLGVK'],5.39,0.96,1.64,572566.7,102312.7687,174668.7533,849548.222
P38708,['FLNNFEDSQK'],2.48,3.39,2.13,374480.4,511637.4934,321111.9602,1207229.8536
P32565,"['LNPQVADINK', 'NIDIGLLNK']",4.93,1.37,1.7,988476.2,274645.9832,339686.3408,1602808.5239999997
P0CX54:P0CX53,['IGPLGLSPK'],4.76,2.43,0.81,10486548.0,5346332.0676,1789988.4682,17622868.535800003
P38912,['YNLDEARTLK'],5.1,1.38,1.51,3569321.3,968324.7874,1057698.6369,5595344.7243
P32582,"['FVDDEWLK', 'YADVFGNATVK']",0.21,5.3,2.49,325284.8,8128224.5938,3823591.569,12277100.9628
Q12464,['SYNEQEIK'],5.1,1.81,1.08,552931.2,196447.999,117371.9218,866751.1208
P23638,['VTSTLLEQDTSTEK'],5.48,0.39,2.13,1795724.7,127831.4844,697197.4878,2620753.6722
P40069,"['SVLLASK', 'TSVHYLEK']",4.51,2.93,0.55,1397120.1,906956.168,171508.7471,2475585.0151
P51402,['TCSSCGYPSAK'],5.4,2.47,0.14,947630.0,433525.931,23944.5298,1405100.4607999998
P37292,['YIDSAVK'],0.43,7.29,0.27,86675.8,1456123.5871,54810.7524,1597610.1395
P12695,"['AQPAEPQAEK', 'LSINDLLVK', 'ILVPEGTK', 'ADVPAFK']",0.09,5.86,2.06,538941.6,36191753.0232,12711721.72,49442416.3432
P43590,['DLLLNRNPK'],5.77,0.63,1.6,1354642.1,149020.9408,375013.0331,1878676.0739000002
P14065,['SVNPDRIK'],5.0,2.67,0.32,1181682.4,631964.3774,76348.0523,1889994.8297000001
P40482,['SAYHLIGGVGGK'],4.1,1.12,2.78,192158.7,52650.5084,130489.6186,375298.827
P49167,['LIQSLPPTLK'],4.75,2.78,0.47,2527097.2,1476002.1191,251318.5068,4254417.8259
P41810,"['LIDLAVK', 'VSEHLLPDAK']",6.91,0.15,0.94,1359643.0,28582.8209,185273.0573,1573498.8782
P32454,"['VTLFNTTPK', 'HGQFAADLTAK']",1.5,0.22,6.28,198676.1,29126.7847,831126.7901,1058929.6748
P21576,['AHYCGTPYLAK'],5.37,2.37,0.26,873350.1,385789.812,42192.5687,1301332.4807
P53981,['DILASMK'],4.91,1.86,1.23,1584366.2,600810.1702,398084.4995,2583260.8696999997
Q06698,['VIIDIINK'],6.02,1.1,0.88,11404276.0,2088462.836,1665754.7488,15158493.5848
P35844,['LQGYNQIK'],5.07,2.48,0.45,1613361.4,789231.9379,144073.7975,2546667.1353999996
P46672,['VEFVEPPK'],5.1,1.62,1.27,37829740.0,12030141.612,9433321.4556,59293203.067600004
P41807,"['FFQEDPK', 'ALESILVK', 'QLEQLFDVSLK']",4.58,2.55,0.88,3172246.8,1765842.1122,607466.2079,5545555.1201
P32368,['LLIDHLEK'],4.0,2.74,1.26,1082928.9,740569.4081,342042.1361,2165540.4442
P48015,"['LLVQVRNK', 'LSGPHSVK']",5.0,2.23,0.77,1914737.0,853472.0468,295087.6143,3063296.6611
P53847,['TFLNLIK'],3.59,4.21,0.19,356821.5,418127.6313,19156.502,794105.6333
Q12265,['ICENLDIHPSK'],3.18,1.29,3.54,275305.8,111474.4888,306395.6572,693175.946
P31116,"['YDYSHPFASLK', 'VLRFIGK', 'AALAASTTK']",5.86,0.18,1.97,420855.8,12829.2399,141271.0726,574956.1125
P47018,['LAFANLENAVK'],3.39,4.3,0.31,466372.2,590563.2861,42712.4025,1099647.8886000002
P38934,"['HEELLSK', 'LNDIHSK', 'LDTLNVQLK', 'EMQSLNK']",4.88,2.24,0.88,3971619.0,1823081.5106,713426.9431,6508127.4536999995
P36148,['IEEIQTTRK'],5.31,1.51,1.18,708415.8,200828.0163,157904.7698,1067148.5861
Q3E7X9:P0C0X0,['TPVTLAK'],3.92,2.67,1.41,15856294.0,10812930.6436,5710719.3144,32379943.958
P39744,"['RSDVEFGPTNK', 'ADAAGTREQQQLK']",3.45,0.51,4.04,924516.8,137485.2803,1084762.4828,2146764.5631
P21827,['ARAVPLPTK'],5.28,2.53,0.19,1012022.5,484112.259,36953.6886,1533088.4476
P38836,['SGRNYDVISACK'],4.77,1.71,1.52,393859.7,140968.0135,125372.1602,660199.8737000001
P07264,['AVTTTFDK'],4.83,2.56,0.61,1253168.5,663113.8915,158253.4273,2074535.8188
Q12074,['YQDVLIFK'],3.73,2.93,1.34,355624.9,279231.6765,127196.1085,762052.6849999999
P41057,['ANDIGFNK'],3.78,2.76,1.46,315602.1,230081.8827,122049.729,667733.7117
P40518,['NLSDSQRDVLVK'],4.54,2.48,0.98,1086213.0,593670.2333,235475.1509,1915358.3842
P05373,['TFVLSYAAK'],3.95,1.73,2.31,121009.2,53081.4644,70871.765,244962.42940000002
P36421,['LSPPDLK'],5.78,1.47,0.75,1800541.9,459482.8701,232992.9125,2493017.6826
P38077,"['GLCGSIHSQLAK', 'IVASTRLSK']",6.58,1.03,0.39,674791.9,105761.8386,40406.6465,820960.3851000001
P09064,['TIFSNIQDIAEK'],5.82,0.12,2.07,45209300.0,909039.6,16073349.9432,62191689.5432
P06738,"['VSIFGGK', 'FTTRDPK', 'QANPSLAK', 'IEDPEDPAASK']",1.2,5.29,1.52,280456.9,1240573.8955,355689.6969,1876720.4923999999
P41805,['IRIYDLGK'],5.0,2.11,0.89,8436404.0,3565604.2088,1507234.4397,13509242.6485
Q04947,"['LGPISNLVK', 'TVFAQVPK']",4.93,2.36,0.72,1757437.9,840923.8543,255817.8241,2854179.5784
P25087,"['LGLAPEGSK', 'IAYEIELGDGIPK']",5.3,1.55,1.15,3811046.0,1113418.1406,824393.8331,5748857.9737
Q06089,['YTGSELEAK'],5.1,1.36,1.54,1089526.1,289421.2488,329751.2241,1708698.5729
P38281,['IEHETPLLNSSK'],6.07,1.76,0.17,643185.8,186600.7566,17613.2861,847399.8427
,"['VLVLQLNDMK', 'REYGPATLK', 'SGMLGLRGIK']",4.93,2.17,0.9,271107.4,119058.1886,49539.4907,439705.07930000004
Q07653,"['AGTELGHMK', 'TNPSVTHGHTSVK']",4.39,0.35,3.26,715814.8,56454.4797,531217.6803,1303486.96
P07342,"['AADLINLAK', 'FNFVLPK']",2.61,2.83,2.56,363567.5,395014.721,357913.5964,1116495.8174
Q03558,"['YDRDTFYK', 'FAYSIWK']",4.97,1.88,1.14,12353092.0,4675291.418,2840937.71,19869321.128
P38235,['RDELIDVK'],6.39,0.1,1.51,1161980.6,18539.5123,274926.6053,1455446.7176
P34216,['QERSMVDVNSK'],6.07,0.88,1.04,1742016.6,253733.1926,299586.2375,2295336.0301
Q12032,['TSPTAIK'],1.48,1.55,4.96,326913.7,341361.7701,1093142.465,1761417.9351000001
P39730,"['ERQTLILGK', 'IAANDLEK']",5.29,1.06,1.65,1628665.2,325720.1485,507742.2633,2462127.6118
Q05050,"['VLVGAEK', 'VAERETLLEDTK']",0.41,7.13,0.46,116496.8,2024015.4404,130106.7384,2270618.9788
Q04409,['GLNNTSVGEEK'],6.57,1.42,0.01,3130860.8,677201.4966,6517.5522,3814579.8488
P32481,['DELERNITIK'],4.97,1.16,1.87,1894667.8,442587.2166,714484.483,3051739.4996
P32939,['SAQELAK'],5.27,2.41,0.32,771174.4,352407.5917,47303.3344,1170885.3261000002
P35176,['VYFDINHGDK'],4.79,1.76,1.45,2700786.5,993967.4579,818276.5753,4513030.5331999995
P33892,"['LLLLEGEK', 'GLSPYIGK']",1.29,1.17,5.53,1415355.1,1286821.7282,6066760.3768,8768937.205
P05739,['TERVEDQK'],4.44,3.1,0.46,773695.2,539697.7588,80856.962,1394249.9208
P26637,['IEALEFADDAAK'],5.16,0.88,1.96,1150911.8,195932.2168,438509.6302,1785353.647
P29547,['HPLELLGK'],5.04,2.38,0.58,2378167.5,1124700.8828,273892.9616,3776761.3444
P40106,['LEAEIPVK'],5.25,2.47,0.28,2723997.2,1280781.857,145301.0711,4150080.1281
Q05022,['FLPITHK'],4.38,2.17,1.45,1421336.4,703721.6282,472117.8362,2597175.8644000003
P53163,['FVEAAPK'],5.34,2.1,0.56,3865336.8,1515644.5443,405510.4862,5786491.8305
P28272,['GYTSIDQFRGK'],6.62,0.83,0.55,5054015.0,631944.5765,419481.3171,6105440.8936
P09938,['RVSDYQK'],2.15,3.71,2.14,508083.3,878422.6214,505585.1087,1892091.0300999999
Q01532,['STPLEFASK'],1.34,0.89,5.77,29726.3,19688.79,128165.5725,177580.66249999998
P28777,['SVATISQEQK'],4.46,1.98,1.56,3530351.5,1569178.8788,1233901.8263,6333432.2051
P53598,['VRIGIQPPK'],5.33,1.83,0.85,871771.8,299000.3237,138664.3317,1309436.4554
P32558,['ALADVVQQDK'],1.29,6.44,0.27,186381.8,929609.3679,38729.1303,1154720.2982
P48570:Q12122,['FLRQYSHGK'],0.04,5.68,2.28,2178393.8,335311358.2552,134911772.1146,472401524.16980004
P39079,['GSTHYALAQTK'],4.15,0.03,3.82,605570.0,4517.066,558142.1751,1168229.2411
Q03362,['FLHTETGQNIEK'],5.9,0.2,1.89,518948.9,17795.4135,166557.7174,703302.0309
P49095,['QLSDALHSHK'],0.39,5.42,2.19,103394.2,1447055.4669,585158.4029,2135608.0698
P18759,['GLLLYGPPGTGK'],3.87,3.65,0.48,299810.3,282561.4683,37561.0613,619932.8296
P00899,['ESFLLESAK'],1.9,2.39,3.71,145483.6,182949.699,284187.9034,612621.2024000001
P38009,['YIAAPSGSVMDK'],4.47,1.85,1.67,1514522.9,628024.4361,567112.8389,2709660.175
P25340,['GQPLSHLK'],5.55,1.79,0.66,1767419.2,568062.775,210186.6127,2545668.5877
Q12100,['TDDVSRSSSRSSK'],0.98,3.82,3.21,180867.2,706343.0582,593295.893,1480506.1512000002
P25567,['ASITVSGTK'],3.52,3.65,0.83,2202827.2,2284309.8573,522435.011,5009572.068299999
Q02455,['VTVAERDAK'],2.73,2.87,2.4,192872.0,202681.312,169200.494,564753.8060000001
P38996,['THNVDVQTFYK'],1.62,0.55,5.84,790319.3,266873.5689,2850245.5859,3907438.4548
P25373,['DLIAENEIFVASK'],3.03,3.71,1.25,87442.8,107179.9216,36183.1607,230805.8823
P04161,['ARSQFENDLAK'],2.29,0.6,5.11,1131537.8,295607.1925,2522910.62,3950055.6125000003
Q04894,['ELNQLLK'],4.14,3.01,0.85,366185.0,266504.3655,75590.8111,708280.1766000001
P40327,['YEPPVQSK'],3.01,4.66,0.33,171639.6,265904.3633,19064.8581,456608.8214000001
Q05905,['SEFLLSYGK'],1.45,2.97,3.58,97468.6,199742.9413,240805.6297,538017.1710000001
P22768,['GIPVAQTK'],0.42,3.91,3.67,170983.0,1598167.5921,1497118.2634,3266268.8555
P34730,['ATNSSLEAYK'],5.35,0.19,2.47,2055047.9,71821.4043,947764.5055,3074633.8098
P40581,['GQPFPFDQLK'],0.76,0.18,7.06,507608.2,118175.5348,4686525.2263,5312308.9611
P17891,['EDRSEVVDQWK'],1.98,0.88,5.14,1359077.1,600511.0343,3520544.873,5480133.007300001
P40961,['QIAQQDAERAK'],1.26,3.26,3.48,172053.2,444818.9665,474101.8444,1090974.0109
P22147,['DAMNLLDGIK'],0.57,4.99,2.44,371656.9,3255845.7137,1589432.3731,5216934.9868
P11745,['TAGSDEVFK'],0.87,2.96,4.18,68935.9,235619.6675,332732.5149,637288.0824
P20051,['TIEDINK'],6.25,0.98,0.77,3992786.8,628093.6083,493683.1383,5114563.546599999
Q12377,['IIGLDTQQVEGK'],4.83,0.59,2.58,1872019.6,228692.4753,997692.1336,3098404.2089
P32453,['SRSPLDPSAPK'],2.2,0.07,5.73,52644.4,1738.1189,137413.9849,191796.5038
P24280,['IFILGSSYQK'],2.17,2.69,3.14,161880.9,200647.7386,234740.8007,597269.4393
P15646,['EDLLVTK'],0.13,0.05,7.82,264190.1,91247.6655,15650924.8462,16006362.6117
Q06103,['LEAVNSMIEK'],2.23,0.16,5.61,282106.2,20119.7818,707895.929,1010121.9108
