protein(groups)_accession,related_peptides,nor_pep_ra_+0,nor_pep_ra_+1,nor_pep_ra_+2,inten_+0,inten_+1,inten_+2,total_inten_all_cha
P00560,"['GVEVVLPVDFIIADAFSADANTK', 'VLENTEIGDSIFDK', 'ASAPGSVILLENLRYHIEEEGSRK', 'EGIPAGWQGLDNGPESRK', 'ELPGVAFLSEK', 'IQLIDNLLDK', 'YSLAPVAK', 'ELQSLLGK', 'TIVWNGPPGVFEFEK', 'AGAEIVPK', 'ALLDEVVK', 'LFAATVAK', 'ISHVSTGGGASLELLEGK']",1.01,0.98,1.01,10896383.3,10534210.5652,10825743.635,32256337.500199996
P06169,"['QVNVNTVFGLPGDFNLSLLDK', 'NIVEFHSDHMK', 'LIDLTQFPAFVTPMGK', 'DYETHRVATTGEWDK', 'IRNATFPGVQMK', 'LLTTIADAAK', 'LTAATNAK', 'YLFERLK', 'SFNDNSK', 'EVIDTILALVK']",0.97,1.04,1.0,10956428.6,11721370.4944,11265330.8976,33943129.992
P32324,"['TGTLTTSETAHNMK', 'DSVVAAFQWATK', 'AVQYLHEIK', 'AGEIVLAARK', 'IWCFGPDGNGPNLVIDQTK', 'VRIQGPNYVPGK', 'ADLMLYVSK', 'DEQERGITIK', 'AGEARFTDTRK', 'DEIPVLLEK', 'FSVSPVVQVAVEVK', 'MVPTSDK', 'VDRALLELQVSK', 'NANDLPK']",0.99,1.01,1.0,12356705.2,12578811.6494,12513378.8342,37448895.6836
P00817,"['AVGDNDPIDVLEIGETIAYTGQVK', 'GIDLTNVTLPDTPTYSK', 'EETLNPIIQDTK', 'TYTTRQIGAK', 'LNDIEDVEK', 'VIAIDINDPLAPK', 'AASDAIPPASPK', 'YALDIIK', 'ETHDSWK', 'ADAPIDK']",0.86,0.89,1.24,1365588.1,1416033.7259,1965204.1351,4746825.961
P00942,['ASGAFTGENSVDQIK'],1.01,1.01,0.98,4336770.8,4337821.0193,4221586.2905,12896178.1098
P0C2H7:P0C2H6,"['SVVSTETFEQPSQREEAK', 'AFEERHQAGK', 'NQWFFSK']",1.0,1.01,0.99,13213004.1,13330937.319,12979084.9683,39523026.3873
P11484:P40150,"['AVITVPAYFNDAQRQATK', 'VIDVDGNPVIEVQYLEETK', 'STLEPVEQVLK', 'ENTLLGEFDLK', 'MVNQAEEFK', 'LLSDFFDGK', 'AADEAFAK']",1.01,1.01,0.98,6764724.2,6752514.9941,6594673.3403,20111912.5344
P12709,"['HFAALSTNETEVAK', 'AEGATGGLVPHK', 'TFTNYDGSK', 'TFTTAETITNANTAK', 'LATELPAWSK', 'TGNDPSHIAK', 'EFSEQVRSGEWK', 'VFSGNRPTTSILAQK', 'VVDPETTLFLIASK', 'MLASNFFAQAEALMVGK', 'EANVTGLRDAMFK', 'NLVNDEIIAALIELAK', 'ILFDYSK', 'IYESQGK']",1.03,1.03,0.95,35291071.2,35278105.0376,32489447.6387,103058623.8763
P00925,"['GVMNAVNNVNNVIAAAFVK', 'NVPLYQHLADLSK', 'TFAEAMRIGSEVYHNLK', 'WLTGVELADMYHSLMK']",0.94,0.88,1.17,26951689.8,25213452.2528,33434536.184,85599678.2368
P00549,"['GDTYVSIQGFK', 'TNNPETLVALRK', 'VTDGVMVARGDLGIEIPAPEVLAVQK', 'SVIDNARK', 'AIIVLSTSGTTPRLVSK', 'IMYVDYK']",1.06,1.0,0.94,37681904.1,35609876.8401,33316947.4627,106608728.4028
P05740:P46990,"['LYVSHIQVNQAPK', 'ARYGATSTNPAK', 'FVQGLLQNAAANAEAK']",1.07,0.98,0.94,13014931.9,11929978.2081,11413696.6469,36358606.755
P14126,"['TVAVDSVFEQNEMIDAIAVTK', 'GRFQTPAEK', 'SLYTNTSRK', 'GCIPGNRK', 'HAFMGTLK', 'NDFIMVK', 'VDWAREHFEK', 'WIDTASK', 'ALEEVSLK']",1.04,0.96,1.0,30022892.8,27755548.0909,29071847.5512,86850288.4421
P22943,"['GVFQGVHDSAEK', 'DNAEGQGESLADQARDYMGAAK', 'VQPEDNK', 'LNDAVEYVSGRVHGEEDPTK']",0.97,1.1,0.93,16526238.6,18875824.7289,15890309.7945,51292373.1234
P02994,"['SVEMHHEQLEQGVPGDNVGFNVK', 'SHINVVVIGHVDSGK', 'SGDAALVK', 'STTTGHLIYK', 'ETSNFIK', 'YAWVLDK', 'WDESRFQEIVK', 'YQVTVIDAPGHRDFIK']",1.04,1.0,0.96,44964823.5,43188484.2127,41551485.9055,129704793.6182
P00330,"['AMGYRVLGIDGGEGK', 'CCSDVFNQVVK', 'VVGLSTLPEIYEK', 'GVIFYESHGK', 'ANELLINVK', 'DIVGAVLK']",0.99,1.0,1.01,38771305.0,38898106.406,39331235.2427,117000646.6487
P14540,"['SPIILQTSNGGAAYFAGK', 'GISNEGQNASIK', 'YTREQVGCK']",1.04,0.97,0.99,80591335.0,75172875.197,76185079.8293,231949290.0263
P05030,"['TVEEDHPIPEDVHENYENK', 'HYGDQTFSSSTVK', 'MLTGDAVGIAK', 'GAPLFVLK', 'LSAIESLAGVEILCSDK']",0.99,1.01,1.0,11015002.1,11256098.2973,11213422.1743,33484522.571599998
Q08245,"['AETAAQDVQQK', 'EQAEASIDNLK', 'NEATPEAEQVK']",0.97,1.06,0.97,10866309.2,11905564.6052,10923661.5003,33695535.3055
P04806,"['LSGNHTFDTTQSK', 'DFMVEQELLNTK', 'HFIDELNK', 'LPHDMRTTK', 'TTLPERK', 'GFDIPNVEGHDVVPLLQNEISK']",1.03,1.0,0.97,23032541.8,22343324.3938,21812120.0802,67187986.274
P16521,"['LVEDPQVIAPFLGK', 'SAVIIDNMCK', 'DETVAPRFK', 'NLTEEVWAVK', 'ALLPHLTNAIVETNK', 'GNFTEFVK', 'MVAEVDMK', 'DILDEFRK', 'VLEELFQK', 'AAATAAMTK', 'FDAMGNK']",0.31,1.69,1.0,3170520.8,17317157.1378,10180862.7226,30668540.660400003
P41277,"['YGEHSIEVPGAVK', 'WAVATSGTRDMAK', 'FAPDFADEEYVNK', 'LEGEIPEK', 'RPEYFITANDVK']",0.94,1.03,1.03,8783808.3,9665308.3143,9585128.0315,28034244.645800002
P00360,"['DIEVVAVNDPFISNDYAAYMVK', 'YDSTHGRYK', 'IDVAVDSTGVFK', 'EATYDQIK', 'HIIIDGVK', 'VVITAPSSSAPMFVVGVNHTK', 'AAAEGPMK']",0.97,1.06,0.97,12869421.7,14075057.3878,12951722.8078,39896201.8956
P0CX56:P0CX55,"['DYHTLANNVESK', 'IPAWFLNRQNDITDGK', 'LRDDLERLK', 'IVYALTTIK', 'ADVDLHK']",0.99,0.96,1.05,12274187.4,11843836.7407,12973681.425,37091705.5657
P05319,"['YLAAYLLLNAAGNTPDATK', 'SVDELITEGNEK', 'VSSVLSALEGK', 'AILESVGIEIEDEK']",1.11,0.8,1.09,8450322.4,6105763.4328,8301348.5546,22857434.3874
P0C0V8:Q3E754,"['ADDHASVQINVAK', 'GQLVELYVPRK', 'CSATNRIIK']",0.99,1.01,1.01,6641727.8,6765220.7463,6762402.2243,20169350.7706
P37012,"['SGVVNSAFPADESLK', 'YGPLLVDIIDITK', 'FIDNQRSTK', 'HHPENEASIK', 'IVDQLRAYVTK', 'DYVNFLK', 'IAAIGAANGIK']",1.02,0.99,0.98,3712929.3,3594278.6409,3565089.2235,10872297.1644
P00359,"['VINDAFGIEEGLMTTVHSLTATQK', 'HIIVDGK']",1.03,0.97,1.0,168423749.2,157988081.8679,162918741.8507,489330572.91859996
P05738,"['YIQTEQQIEVPEGVTVSIK', 'SLVDNMITGVTK', 'FLDGIYVSHK', 'VVGPRGTLTK', 'HVAALRTVK', 'HIDVTFTK', 'FIEVRNFLGDK', 'VNNQLIK']",1.01,0.88,1.11,7208542.9,6259806.6576,7920658.1623,21389007.719899997
Q3E757:P0C0W9,"['VLEQLSGQTPVQSK', 'EDTVSWFK', 'AEEILERGLK', 'AQNPMRDLK', 'IAVHVTVRGPK']",1.1,0.95,0.96,20475456.5,17695360.926,17882318.1628,56053135.5888
P02406,"['ETAPVIDTLAAGYGK', 'YHPGYFGK', 'LWTLIPEDK', 'GRIPNVPVIVK']",1.03,0.93,1.04,12685159.5,11491600.2341,12836095.3273,37012855.0614
P00358,"['NVEVVALNDPFISNDYSAYMFK', 'HIIVDGHK']",1.02,1.0,0.99,39151192.7,38230966.9882,37859437.6208,115241597.309
P00950,"['HLEGISDADIAK', 'GQQEAARAGELLK', 'VYPDVLYTSK', 'LVLVRHGQSEWNEK', 'LSRAIQTANIALEK']",1.02,0.97,1.02,49622406.3,47176202.4221,49516284.8133,146314893.53539997
P17255,"['EILSNAEELEQVVQLVGK', 'SDSSREVPELLK', 'TVISQSLSK', 'LASFYERAGK', 'VGHDNLVGEVIRIDGDK', 'LNLCAEYK', 'HFPSINTSVSYSK', 'YTNVLNK', 'FFEPSRGEK', 'TVNLYSK', 'WQFTPGK']",0.94,0.97,1.09,3585943.5,3686712.6377,4165001.9492,11437658.0869
P38011,"['ASMIISGSRDK', 'DGEIMLWNLAAK', 'FGVPVRSFK']",0.97,0.97,1.06,6337158.4,6370788.7554,6900715.4769,19608662.6323
P04807,"['LGGDRTFDTTQSK', 'IVPAEDGSGAGAAVIAALAQK', 'ELMQQIENFEK', 'IFTVPTETLQAVTK', 'HFISELEK']",1.0,0.93,1.08,10115740.2,9383790.9146,10901673.9918,30401205.106399998
P22803,"['SASEYDSALASGDK', 'EVTRVVGANPAAIK', 'AEVSSMPTLIFYK', 'LDVDEVSDVAQK']",1.0,0.92,1.08,4596458.6,4243579.0073,4938254.9202,13778292.527499998
P10592,"['AEETIAWLDSNTTATK', 'NQAAMNPANTVFDAK']",1.2,1.08,0.72,3338868.6,3019193.6678,2005699.6614,8363761.929199999
P19882,"['LIDEYGDDFAK', 'GVETLAEAVAATLGPK', 'EAIQERIEQIK', 'VIEFLSANK', 'QIIENAGEEGSVIIGK', 'LGVDIIRK', 'APGFGDNRK', 'FENMGAK', 'LLASAMEK', 'FGVEGRASLLK']",0.97,0.96,1.06,3553611.6,3513370.928,3867316.981,10934299.509
P38625,"['LVGPTAEVIGAVSGGVDSTVASK', 'VIDDSNSLFK', 'LHGLPTGYK', 'NFAVDLCHAK']",1.04,0.95,1.02,1480383.3,1350845.735,1452339.8459,4283568.8809
P34760,['TAVVDGVFDEVSLDK'],1.09,0.97,0.94,1324677.6,1178926.4978,1135816.0145,3639420.1123
P06367:P39516,"['ADRDESSPYAAMLAAQDVAAK', 'EVGITAVHVK', 'ETIARVTGGMK']",1.02,0.97,1.01,15858159.5,15109891.0988,15668746.847,46636797.4458
P38264,"['SIEEAERAGNAGVK', 'YVEPGNAMSGEGEK', 'SALEHNEVK']",1.02,0.92,1.06,6893129.1,6196727.6507,7201044.6173,20290901.368
P38013,"['FASDPGCAFTK', 'MPQTVEWSK']",1.04,0.94,1.02,19081079.8,17231268.8142,18728411.4587,55040760.0729
P0CX46:P0CX45,"['ASTISRGAVSGQK', 'QIVHDSGRGAPLAK', 'VVFRDPYK', 'TRVRLPSGAK']",1.02,1.0,0.98,30953065.4,30511747.1303,29791927.5236,91256740.0539
P14832,"['VESLGSPSGATK', 'ARIVVAK']",0.83,0.77,1.4,8985208.4,8299873.4411,15147871.4676,32432953.3087
P49723,"['YYNAVNPFEFMEDVATAGK', 'YLIENFSAQLQNPEGK']",0.87,1.67,0.46,74974.6,142828.0586,39408.2375,257210.8961
P02294:P02293,"['QTHPDTGISQK', 'HAVSEGTRAVTK', 'ETYSSYIYK']",1.05,0.97,0.98,19985329.8,18540392.3175,18666398.7354,57192120.8529
P39004:P39003,"['LAGNASWGELFSSK', 'AYGEGEEHEPVVEIPK', 'RSIAVSNK']",1.0,0.99,1.01,9100386.9,8975842.503,9137459.0052,27213688.408200003
P04840,"['NELITSLTPGVAK', 'LEFANLTPGLK', 'VSDSGIVTLAYK', 'DGPLSTNVEAK', 'LSEPVHK']",1.02,1.08,0.9,3332562.0,3517169.3066,2917751.2246,9767482.5312
P17967,"['YGLPQLSEEAFDELSDK', 'ADIADADVFEK', 'GDASPIVK', 'NHDEIVNDPK', 'AAETLVEK', 'NMAPEYVK', 'FGRHAGNLNMK', 'AIESLVK']",0.98,0.97,1.05,2981653.6,2952232.7474,3181845.2984,9115731.6458
P06168,"['AAIEDGWVPGK', 'TLYFSHGFSPVFK', 'NLFTVEDAIK', 'DLDVILVAPK', 'DLTHVEPPK']",0.94,1.17,0.89,2560348.4,3178593.1081,2415130.5744,8154072.0825
P26785,"['IFEGIPPPYDK', 'VSSASAAASESDVAK', 'VRSAEYYAK']",1.08,0.92,1.0,13056607.1,11108852.0769,12063169.5501,36228628.727
P38879,"['DDIELVVQQTNVSK', 'VDNFTQK']",1.01,1.04,0.95,3672412.4,3809922.4115,3468784.4503,10951119.2618
P60010,"['EITALAPSSMK', 'DSYVGDEAQSK', 'IIAPPERK']",1.05,0.97,0.98,32599629.5,30382416.007,30512099.5354,93494145.0424
P07806,"['ITPAHDQNDYNTGK', 'LDNTVAEIEGLEATIENLK', 'EEYHSRIK', 'TGVFEPEFTADGK', 'DTLYILLDNALK', 'VFVESNHEEYFK', 'LLQGNLDPREVEK', 'SLGNVIDPLDVITGIK', 'GHVDIDAEIAK', 'DSIVSLIK', 'VVRDGQITITPK', 'ILVSLDDPALK']",0.81,0.88,1.31,1311641.5,1413495.9355,2111844.9897,4836982.4251999995
P0CX40:P0CX39,['FELGRQPANTK'],1.07,0.91,1.03,10393374.6,8807851.5141,9967230.3698,29168456.483900003
P26786,"['SIREIDVAGGK', 'ILEDLVFPTEIVGK']",0.98,0.96,1.06,6237546.0,6143598.5846,6724619.7146,19105764.2992
P10664:P49626,"['AVGAHSDLLK', 'LDQVWGSETVASSK', 'RQAYAVSEK', 'QVLLRLNPYAK', 'EAVAALK']",1.03,0.93,1.04,34073378.1,30886593.1376,34281244.8003,99241216.0379
P04147,"['AVEALNDSELNGEK', 'GFGFVHFEEEGAAK', 'AIEQLNYTPIK', 'ERDSQLEETK', 'NLHPDIDNK', 'GFGFVNYEK', 'QRQALGEQLYK', 'ALYDTFSVFGDILSSK', 'FGPIVSASLEK', 'NINSETTDEQFQELFAK', 'LYVGRAQK', 'QYEAYRLEK', 'YQGVNLFVK']",0.81,1.13,1.06,806641.5,1125209.5789,1048126.4408,2979977.5197
P07267,"['VVPPFYNAIQQDLLDEK', 'YDHEASSSYK']",0.86,0.97,1.17,3055798.9,3438412.1367,4155602.3454,10649813.382100001
Q05911,"['HVEITDDEIAK', 'VYPVTGQTYSRK', 'SQIGSSAMAYK', 'DVNNALQPFQK', 'LVNVINRLAK', 'YLNDEQVK', 'EEGGENDLIERVK']",1.05,0.97,0.99,5021609.6,4642999.4368,4741201.312,14405810.3488
P46655,"['IHLEGSEAPQEPK', 'LDDATEDVFNK', 'AYCDDTPTEK', 'ANFEIDLPDAK', 'IGDIIQFERK']",1.02,0.91,1.07,3308638.8,2934873.2307,3446070.3504,9689582.381099999
P25694,"['GVLFYGPPGTGK', 'MAGESESNLRK', 'EHFAEAMK', 'VEGEDVEMTDEGAK', 'AEQEPEVDPVPYITK', 'AFEEAEK', 'AVATEVSANFISVK', 'FGLSPSK']",1.05,0.83,1.12,6027349.0,4788643.3511,6460812.5197,17276804.8708
P0CH09:P0CH08,['CGHTNQLRPK'],1.03,0.88,1.09,2580316.4,2218459.7925,2730747.6379,7529523.830399999
P07245,"['SLNSTVTITHSK', 'TQYSLSHDATLK', 'LVGTEPEAK', 'FETDTEGEIAAIRK', 'LTTIVQK', 'GAIDLAK', 'TNPDDLTPEEINK']",0.99,0.4,1.61,3003218.4,1222399.4258,4880319.6777,9105937.5035
P37302,"['EGLHGTLGEPTK', 'QIALIERGK', 'HTVATVGVPYK', 'TQNIIADTK', 'NLYVDYYK']",1.06,0.98,0.96,5099968.0,4728257.886,4614463.7558,14442689.641800001
P38616,"['SSAGAVVVANAK', 'NAVGAGYLSPIK', 'RGVLSVTSDK']",1.46,0.96,0.58,7961237.6,5199889.5204,3156084.567,16317211.6874
P02309,"['TVTSLDVVYALK', 'ILRDNIQGITK']",1.1,0.78,1.13,2257980.1,1598883.6702,2326463.5308,6183327.301
P0CX50:P0CX49,"['TVVVVGTVTDDARIFEFPK', 'AGGECITLDQLAVRAPK', 'TTVAALRFTAGARAK', 'SDNVYLK']",0.95,1.02,1.03,1557175.5,1677854.3603,1698887.0478,4933916.9081
P39015,"['EAYVPATK', 'VELDAERIETAEK', 'ADVPPPSADPSK', 'GNNTANATNSANTVQK', 'VNQGWGDDK']",1.03,0.95,1.02,13213967.4,12266363.849,13099123.7467,38579454.9957
P26783,"['TIAETLAEELINAAK', 'GSSTSYAIK', 'DELERVAK', 'WSFEEVEVK']",1.07,0.95,0.98,13353299.6,11906590.3787,12186263.0542,37446153.0329
P0CX51:P0CX52,"['GLVAYHQK', 'VYEPLLLVGLDK', 'SATAVAHVK']",1.01,0.98,1.01,36613874.9,35354317.9107,36264063.225,108232256.0357
P33330,"['GGVEAQQAENEEK', 'EAAARHLTGLK', 'DGLDDQFLK', 'AVQNLVDFIK', 'MNVVFTLK']",1.01,1.16,0.84,1005153.4,1155979.2477,838861.3072,2999993.9549000002
P49089,"['ARHLAGIDDDGK', 'FDALFPQK']",1.24,0.96,0.8,1373720.2,1068947.1383,886942.1202,3329609.4584999997
P15108,"['DILGDQVEK', 'IRYQALSDPK', 'FYSAFAK']",1.03,0.9,1.07,12472038.5,10923207.6201,12887151.3423,36282397.4624
P35691,"['LQETNPEEVPK', 'GAQTYVK', 'SFLTYIK']",1.0,0.98,1.03,5542673.3,5449301.5344,5715219.253,16707194.0874
P23180,"['GSSFVSPATRK', 'LVTTGELYHNEK', 'LFQTLVNLQK']",0.98,1.04,0.99,1802005.6,1910485.3311,1815095.9299,5527586.8610000005
P38972,"['ATNIAHVCGLQDK', 'LIVEDPLLK', 'LPIAVAHGEGK']",1.09,0.96,0.96,2345943.4,2063759.9011,2066948.7724,6476652.0735
P38720,"['SIIGATSIEDFISK', 'AGAPVDALINQIVPLLEK', 'VDHFLANEAK', 'NIFQSISAK', 'VLPGPEVPK', 'FFADAVTK']",1.06,0.95,0.99,4793338.3,4303416.6057,4478821.8482,13575576.753899999
P54115,"['LAFTGSTEVGK', 'SVAVDSSESNLK', 'SAHLVFDDANIK', 'EEIFGPVVTVAK', 'LHFDTAEPVK', 'QSGYGREMGEEVYHAYTEVK', 'VGNPFDK']",1.0,0.89,1.1,5550160.9,4920971.1656,6104630.3358,16575762.4014
P48164,"['TFIDLESSSPELK', 'SIREIDVTGGK', 'ADLRPLQIK', 'ILSQAPSELELQVAK']",1.06,0.89,1.05,4916537.0,4116379.5922,4829170.6035,13862087.195700001
P02400,['GSLEEIIAEGQK'],0.96,0.91,1.13,2168700.8,2046659.7778,2548728.5657,6764089.1435
P0CX44:P0CX43,"['YNAFIASEVLIK', 'FPTPVSHNDDLYGK', 'ITSSQVREHVK', 'VTDVRSTIK', 'QVPRLLGPQLSK']",1.0,1.02,0.97,14353143.3,14639830.081,13873210.1494,42866183.5304
P05750,"['GCEVVVSGK', 'IMRDPAK']",1.08,0.91,1.01,15036777.5,12723825.3604,14073137.6389,41833740.4993
P05756,['LSSESVIEQIVK'],0.91,1.03,1.06,3273715.8,3725693.2792,3833620.6921,10833029.7713
P20081,"['IDRISPGDGATFPK', 'FDSSVDRGSPFQCNIGVGQVIK', 'GWDVGIPK']",0.84,1.19,0.97,3707673.6,5258258.0891,4275911.5888,13241843.277900001
P23301,"['LEDLSPSTHNMEVPVVK', 'IVDMSTSK', 'VHLVAIDIFTGK']",1.02,1.01,0.97,15014423.3,14889248.9554,14294284.6826,44197956.938
P19414,"['GVPDTARDYRDQGIK', 'NVYTGEYK', 'QNVETLDIVRK', 'EVYDFLASATAK', 'DAAAHGLK', 'SMIEYLEATGRGK', 'SFARIHETNLK', 'VSPTSDRLQLLK', 'RLNRPFTYAEK', 'DMPILIK', 'TTTDHISMAGPWLK']",1.02,0.87,1.11,9905882.2,8479121.6575,10808948.5084,29193952.365900002
Q03558,"['ANNPQHSITK', 'YDRDTFYK', 'FAYSIWK']",1.02,1.06,0.93,5391281.6,5599550.9297,4900066.6449,15890899.1746
P00830,"['ETGVINLEGESK', 'TVFIQELINNIAK', 'IGLFGGAGVGK', 'VQETLQTYK', 'SRLLDAAVVGQEHYDVASK']",1.1,1.1,0.8,1065050.4,1070407.3028,771693.6128,2907151.3156000003
P0CX23:P0CX24,"['ASGEIVSINQINEAHPTK', 'FPLPHRVQK']",0.84,1.22,0.94,2285099.3,3351304.9167,2571129.1153,8207533.332
P38235,['LRSNDGNVSPDGK'],1.13,0.91,0.96,427967.7,343596.142,363106.9635,1134670.8055
P0CX37:P0CX38,"['RIGQEVDGEAVGDEFK', 'QGVLLPTRIK']",1.02,0.96,1.02,8797733.2,8314363.7444,8880673.5201,25992770.464499995
P28272,['GYTSIDQFRGK'],2.07,0.28,0.65,2917402.2,396388.8592,922325.2548,4236116.314
P19097,"['GSTLIVVPFNQGSK', 'DSYINANTIETAK', 'NAPAVELHGNAK', 'AVSIETALEHK', 'ELVETSEVRK', 'QVTDYYQSIYAK', 'EVASLPNK', 'AAEEAGVTDVK', 'QVLDVDPVYK', 'YVLITGAGK', 'GENYQLVK', 'MDLDNGERK', 'FLTGHPK', 'YASPNLNMK', 'AFLDSMAQK', 'ETAEQFK', 'SGSLTFNSK', 'IGRSVPAPGK', 'DIEIVRVNK', 'NGNITYSEEPREK', 'VVVTTSRFSK']",1.13,0.83,1.04,1480812.5,1092722.54,1357612.9244,3931147.9644
P02407:P14127,"['RLCDEIATIQSK', 'LTLDFQTNK', 'ALIERYYPK', 'LQEEERERK', 'IAGYTTHLMK']",0.97,1.04,0.99,12487549.0,13359823.5244,12735748.4334,38583120.9578
P40825,"['NVGVPDDHILPGNAK', 'YFVILEESGIAK', 'LNVHELSELNDAK', 'HNDLEDVGK', 'GIDGSALAK', 'FIDISPNAK']",1.04,0.9,1.06,795134.4,684746.2759,812092.3413,2291973.0172
Q01855,"['LLEMSTEDFVK', 'THSYRGVDLEK']",0.92,0.99,1.08,7046077.9,7575247.9477,8247359.4262,22868685.2739
P16140,"['AVVGEEALSIEDK', 'DHGDVSNQLYAK', 'SAIGEGMTRK', 'EMLNRISPK', 'LSLEFLEK']",1.03,1.0,0.97,5705738.7,5510939.8375,5374381.8236,16591060.361100001
P07259,"['DGTVLQGYSFGAEK', 'HIELQTGPDGK', 'EELPSLVLRQAK', 'VVPWNYDFTK', 'DTYIVDNK', 'DEFEALGVK', 'LGLNIPLNEVK', 'LHDLVQFAEK', 'AHPRIEAK', 'SLLATGFK', 'ITGPYNIQFIAK', 'FTRVSTELSSSMK']",0.9,1.33,0.77,1440306.2,2126684.2736,1239150.5065,4806140.9801
Q03559,['SSISNTSDHDGANRASDVK'],0.91,1.58,0.51,126785.5,221158.5762,71991.7554,419935.83160000003
P54885,"['ANAHAIEEANK', 'ESVNTFREMAK']",1.0,1.19,0.81,856632.3,1012162.8889,691070.1319,2559865.3208
P26784,"['VASANATAAESDVAK', 'VFEGIPPPYDK']",0.99,0.96,1.05,3712707.2,3603702.789,3963782.3236,11280192.3126
Q03161,"['TAIEVENTSSSK', 'GVQIHTLK']",0.91,0.9,1.19,1842491.9,1827595.0306,2404336.4277,6074423.3582999995
P22203,"['DLVSGGVVVSNASDK', 'ALERDVDLIESMK', 'ADQEYEIEK', 'TNIVRNETNNIDGNFK', 'DDIMREYGEK']",0.98,1.06,0.96,2411041.3,2595886.8483,2352718.7221,7359646.870399999
P22146,"['TSGYADRTAEFK', 'MTDYFACGDDDVK']",0.97,0.88,1.15,1607566.1,1451554.5455,1894531.033,4953651.6785
P32471,"['AERIAAYNAK', 'SYIEGTAVSQADVTVFK', 'QLNASLADK']",1.01,1.02,0.97,16525635.2,16797563.4795,15861099.9839,49184298.663399994
P16861,"['DALIELGLDTK', 'FGVRTAIPGHVQQGGVPSSK', 'AQSQGALLK', 'IGDILSGRLK', 'FIEQWNK', 'EEVAPYK']",1.11,0.87,1.02,1896863.7,1485971.5911,1734537.4095,5117372.7006
P33442,"['EVQGSTLAQLTSK', 'LRVDEVQGK', 'APSTFENRNVGK', 'FDVGALMALHGEGSGEEK', 'VISEILTK', 'DIFPLQNIHVRK', 'VVDPFTRK', 'NLLTNFHGMDFTTDK']",1.01,1.02,0.97,20999045.7,21208431.4907,20201020.1294,62408497.320099995
O14455,['VTQMTPAPK'],1.0,1.02,0.98,1342308.1,1370105.1034,1307088.2597,4019501.4631000003
P23638,"['VTSTLLEQDTSTEK', 'GANDGEVYQK', 'VDDAIELALK']",1.33,0.68,0.99,1164706.0,592428.7831,869077.4902,2626212.2733
P14120,['SELEYYAMLSK'],0.93,1.03,1.05,257782.0,285464.9522,291452.323,834699.2751999999
P23254,"['LGNLIAIYDDNK', 'FGFNPDK', 'YAHQSFGIDRFGASGK']",1.1,0.81,1.09,3130528.3,2313995.9975,3094784.2104,8539308.5079
P34216,"['TVEEQHAQLQAK', 'DTDLTDREK', 'GPIVNRGVATTPK']",0.88,1.37,0.75,668046.1,1040167.9716,567266.7981,2275480.8696999997
P40202,['SLNHPENEPSSVK'],1.01,0.94,1.04,455079.2,423499.8389,469553.5798,1348132.6187
P17709,"['EGHTLASDK', 'GFRIADTVGK', 'YHPDELAK', 'YDVVIDQK', 'LDELTAYFIEQMEK', 'LSTNPGFHLFEK']",1.03,0.96,1.01,13594637.4,12624579.6952,13219534.4866,39438751.5818
P38230,['GAHTIAVASTDEK'],1.02,0.73,1.25,278700.4,199229.236,341495.2634,819424.8994
Q07478,"['TAVFYGGTPISK', 'GSYVGIHSTGFK', 'STTRANELTK', 'YIDLSHVK', 'GLAISFVSSK']",1.06,0.95,0.99,2930264.2,2604845.739,2732805.3396,8267915.2786
P25087,"['VYAIEATCHAPK', 'LEGVYSEIYK', 'MFHVDVARK', 'LGLAPEGSK', 'MDFEENTFDK']",0.9,1.14,0.96,1710243.6,2148666.2711,1819854.2729,5678764.144
P32835:P32836,"['NLQYYDISAK', 'LVLVGDGGTGK', 'TITFHRK', 'RHLTGEFEK', 'SNYNFEK']",1.1,0.89,1.01,6870966.6,5546664.7749,6319850.3279,18737481.7028
P0CX85:P0CX84,"['EQLASQLVDLK', 'FEASQVTEK', 'AYELRTK', 'QIAFPQRK', 'LSRPSLPK']",1.04,0.98,0.98,26126639.6,24668949.7607,24817526.2466,75613115.6073
Q03048,"['FILFGLNDAK', 'MVYASSK']",0.95,0.88,1.17,2598998.0,2426492.781,3213406.8193,8238897.600299999
P32589,"['AYNRILTAAEK', 'LEEEYAPFASDAEK', 'NRYLGETGK', 'AEEWLYDEGFDSIK', 'TGAEVRFAGEK', 'IDIRENPK', 'VLGTACDK', 'DDLTIVAHTFGLDAK']",1.07,0.88,1.05,6677209.7,5461511.6985,6537650.5053,18676371.9038
P52910,"['APQHFYNSQPGK', 'VVYEAHNVK', 'RVGEAEIAK', 'VVITCDEGK', 'VSQIAGVLK']",1.52,0.75,0.73,7803398.1,3857280.4112,3732240.5253,15392919.0365
P27809,"['AAEIRADAATK', 'GLLSSIK', 'ADAPIDTK']",1.07,0.84,1.09,2383601.1,1864157.3575,2427985.5857,6675744.043199999
P29311,['ATNASLEAYK'],1.04,0.9,1.06,3042772.0,2635194.8856,3109417.7293,8787384.6149
P38788,"['LAAEDYIGSAVK', 'VGFVISRGEGK', 'VFAQFSSFVDSVIAK', 'LYTLGTK']",0.63,0.9,1.47,2436096.4,3511542.8604,5695288.7646,11642928.025
P40075,"['QTSNSTPAPQNQIK', 'TVPHENEK']",0.43,0.42,2.15,273896.9,267129.5068,1357820.2162,1898846.623
P0C2H8:P0C2H9,['DVVTREYTINLHK'],0.99,1.07,0.95,2501353.0,2708033.1573,2399276.3914,7608662.5487
P00924,"['NVNDVIAPAFVK', 'GVLHAVK', 'TAGIQIVADDLTVTNPK']",1.04,1.0,0.96,72281662.0,69265144.7818,66434283.9211,207981090.7029
P38427,"['LVNDEASEGQVK', 'RITPHLTASAAK', 'AFEDHSWK', 'FLVENPEYVEK']",1.09,1.11,0.8,1315745.5,1343404.1855,967180.5767,3626330.2621999998
P07284,"['GGNPELIRQSQK', 'IEQFVITEPEK', 'MISYSEEFYK', 'SWEEFEK', 'TAQLSEFDEELYK']",0.81,1.18,1.01,1975030.0,2877522.598,2448885.3638,7301437.9618
P06115,['AAELSGSHPDYNQAK'],1.44,0.43,1.13,202240.4,60364.9347,158076.0365,420681.3712
P04456,"['VIEQPITSETAMK', 'ELYEVDVLK', 'VEDGNILVFQVSMK']",0.48,1.26,1.26,4159982.1,10932501.221,10989209.4909,26081692.8119
P40185,"['LAPPAAASYSQAMK', 'NILAESNSSLDNIVK', 'AEQVFQNVK', 'VNVFLADMK']",1.01,0.99,1.0,4429555.6,4340141.808,4391818.7459,13161516.153900001
Q12117,"['YNHVQTSTQK', 'APVASPRPAATPNLSK']",1.39,0.79,0.82,6110051.0,3473031.9532,3576111.5231,13159194.4763
P31116,"['DFSPLNVGSDWK', 'AALAASTTK', 'SADEFLEK', 'SVSVGIEK', 'YDYSHPFASLK', 'TLPLDDLIAHLK']",0.75,1.27,0.99,2608094.0,4416211.2649,3442168.9071,10466474.172
P00445,"['GDAGVSGVVK', 'GDTEESLK']",0.95,1.16,0.89,17082728.5,20878328.2383,16114379.3613,54075436.099599995
P07281:P07280,"['LEVPGYVDIVK', 'HIDASGSINRK', 'IGIVEISPK', 'VLQALEK']",1.03,0.97,1.0,23530132.1,22293515.967,23019963.1232,68843611.1902
P31539,"['LFSLDLAALTAGAK', 'HGHEELTQAK', 'EIEERFEQNDK', 'EAQVDIEAIK', 'GDFEERFK', 'LNLTQEAK', 'YAIDMTEQARQGK']",1.1,0.84,1.06,2732824.8,2084317.0363,2638910.5622,7456052.398499999
P39954,"['TGPFEVGVHVLPK', 'VAVVAGYGDVGK', 'RATDVMLAGK', 'AYGDVQPLK', 'ILDEAVAK', 'EIELAEHEMPGLMAIRK']",0.99,1.12,0.89,4367160.5,4956852.687,3919439.8919,13243453.078899998
P32775,['SYGLHANPETK'],1.11,0.96,0.93,416894.8,361536.0746,352221.0075,1130651.8821
P53981,['VFEGVLDDTK'],1.21,0.78,1.02,697739.8,448524.6622,589240.1957,1735504.6579
Q06252,"['GVVRNNYIGPGPPK', 'LALLMTDPDAPSRTEHK', 'SQLSAEDK']",0.98,1.15,0.87,645220.9,755315.3052,575338.5618,1975874.767
P46367,"['IVGEAITNHPK', 'TAESTPLSALYVSK', 'IAPALVTGNTVVLK', 'NEGATLITGGERLGSK', 'SPNIVFADAELK']",0.94,0.96,1.09,4260372.2,4338946.9532,4935689.4478,13535008.601
P15624,"['FLRQSDNGDLAVK', 'TYFPGRGAK', 'MSLHAVQSK', 'TGEEPELK']",0.98,0.97,1.05,1049196.2,1037732.6167,1124336.369,3211265.1857
P18239,"['IVAAEGVGSLFK', 'TAASPIERVK', 'LLIQNQDEMLK', 'YAGILDCFK', 'YDGAFDCLRK', 'TPLPPAPAPK']",0.95,0.83,1.22,4287057.9,3718313.4618,5466352.3892,13471723.751
P06105,"['GLEESHPNVK', 'SGDIVILGPREK', 'GSNLQQIREK', 'ANESLNSLRTK', 'TIDIPAERK', 'SYVVESLDISK', 'VVEEINK', 'ITITGAPENVEK', 'LVVEDEK', 'TSIQDYLK', 'LARAPIEIPLEK', 'AGGEEIRNK']",1.0,0.95,1.04,1821098.3,1733016.4545,1890697.8669,5444812.6214
P16862,"['AVAEAIQAK', 'AAIDFYTK', 'TISDTAAVVGVK']",0.98,1.01,1.01,5981625.8,6187754.9941,6143791.9932,18313172.787299998
P0CX41:P0CX42,['VMPAIVVRQAK'],0.9,0.95,1.15,4164438.0,4383671.2296,5349552.8728,13897662.102400001
Q05022,"['ATEYVASHESQK', 'ASEPASRPLK', 'AGDVFEGTIK']",1.02,1.14,0.84,533261.1,597913.2356,440931.639,1572105.9745999998
P17076,"['TRNPLTHSTPK', 'MGVPYAIVK', 'EAAAVAEGK']",0.96,0.93,1.11,3115022.2,3020962.971,3607250.249,9743235.42
P49167,"['VRGSSSLYTLVINDAGK', 'QFLELTRRADVK', 'LIQSLPPTLK']",0.96,0.91,1.13,3050092.9,2905664.1226,3590200.8719,9545957.8945
P27616,"['YIEAYETLTGSK', 'GIIIADTK', 'VGESQDSYDK', 'TGTVHGLK', 'FEFGIDEK']",0.36,0.51,2.12,621801.9,882333.637,3637823.114,5141958.651000001
P30657,['VVDRESDIPK'],1.06,1.1,0.85,1567040.7,1626993.7959,1257383.6712,4451418.1671
P41058,['ANDIGFHK'],1.11,0.96,0.93,5461870.5,4721638.1031,4557465.8251,14740974.428199999
P38249,"['EEIANAERQK', 'QREIEEAAAK', 'GHVYIDPNEAK', 'DGLHQYK', 'QQLENLLVK', 'QVIIAEVSK', 'FTTVSQSELYK']",0.88,0.98,1.13,1376152.3,1534942.3362,1768490.5272,4679585.1634
P05694,"['AYTYFGEQSNLPK', 'GTISAEEYEK', 'FWVNPDCGLK', 'NVSGQDVAAALEANAK', 'FINSEIEK', 'AVDVTALEMVK', 'GFFSFATQK']",1.04,1.15,0.82,1565820.4,1735653.0532,1236402.2836,4537875.7368
P37291,"['AFHVTPDK', 'AVEFAQQVQQSLPK', 'QAATPEFK', 'NAILYRPK', 'EYQTQVLK']",0.98,0.95,1.07,15065235.8,14515026.2688,16312654.5482,45892916.617
P04802,"['AYLAQSPQFNK', 'AHGLSPEDPGLK', 'FTEVHTPK', 'SATVQNLEIHITK', 'FVDLDEAK', 'MVRLTYK']",1.03,0.94,1.03,5321149.3,4871553.2751,5310697.686,15503400.261100002
P15731:P15732,['DQWSPALTLSK'],1.01,0.86,1.13,129993.5,110966.0107,144782.3051,385741.8158
P29509,"['FGTEIITETVSK', 'IEILYNTVALEAK']",1.2,0.8,1.0,1158119.5,766305.8168,958928.946,2883354.2628
P28834,['AVHETIAEGK'],2.12,0.32,0.55,17157222.0,2606618.7162,4478530.9627,24242371.678900003
P21954,"['RGELDNTPALCK', 'DIFQEVYEAQYK', 'CATITPDEARVK', 'GGFIMALK']",0.89,0.85,1.25,617790.4,590485.1449,864801.8893,2073077.4342
P38795,['IDEVVEQCEAHK'],0.37,1.33,1.3,36721.1,130418.8636,127938.2257,295078.18929999997
P40302,['RNADELSSYQK'],1.08,0.85,1.06,816147.5,643141.6508,799684.7704,2258973.9211999997
Q06440,"['IVSEGPAHTGAK', 'EEPSAARTSPK']",1.01,0.99,1.0,835605.1,823312.379,824195.8688,2483113.3477999996
P53278,"['IIDVNAEHNNK', 'QAEGIHAAENHK', 'AIEEQTRQK']",1.08,1.24,0.68,928116.4,1057808.3653,583038.7732,2568963.5385000003
P11075,"['ALNPNTHTANK', 'ATPTELAQEK']",1.07,1.07,0.87,771905.7,773187.3483,628345.8902,2173438.9385
P0CS90,"['EGERLVGIPAK', 'VRDQITSLK', 'LFEQLYK', 'TEELQTSSMK', 'LIGNFTLAGIPPAPK', 'RTVDPVK', 'QAIETANK']",0.98,1.01,1.0,17640750.3,18165926.4489,18001322.949,53807999.6979
P40054:P40510,"['IAGAALDVYPHEPAK', 'DVHAIGIRSK']",0.51,1.44,1.05,316101.7,902756.1741,658464.0184,1877321.8924999998
P53301,['GDTTTYDRGEFHGVDTPTDK'],0.75,1.73,0.53,120695.8,279040.8723,85036.0254,484772.69769999996
P47075,"['IRNAENPISK', 'GTTFDTQIRAPPGK', 'QQNFVRQTTK', 'FGEHLSK', 'TICVPVRVEPK']",1.18,0.77,1.05,2264953.2,1477175.0283,2003535.0616,5745663.2899
P38934,"['DDFVNVAPSK', 'HEELLSK', 'VVADDLVLVTPK', 'IDTEIGLIRK', 'QLDAQIK', 'LNDIHSK', 'LDTLNVQLK', 'DLVNIEPIRK']",1.08,0.87,1.05,2032379.0,1627208.7663,1979021.5939,5638609.3602
Q12306,['VSDGSSEIFFK'],0.94,0.97,1.08,1285775.1,1328760.9096,1479698.7417,4094234.7512999997
Q04706:P0CX68:P0CX73:Q12441:Q92392:P0CX70:P0CX65:Q12217:P0CX74:P0CX60:P0CX58:P0CX75:Q12485:P0CX72:Q03856:Q12085:P0CX71:O74302:P0CX69:P0CX57:P0CX66:P0C2I8:P0CX59:P0CX67:P0CX76:Q6Q5H1:P47099:Q12470:P0C2I4:Q07793:Q99337:P0C2I2:P0C2I3:P0C2I5:P0C2I9:Q12141:Q12088:Q12316:Q92393:Q12414:Q99231:P47098:Q04711:P0C2I6:Q12273:Q03855:Q04670:P0C2J1:Q03619:Q03434:P47100:Q12269:Q03612:P0C2J0:Q12193:O13535,"['STTEPIQLNNK', 'VIARNPQK']",1.06,0.93,1.01,10164657.1,8898335.6288,9741338.5728,28804331.301599998
Q01560,"['SFANQPLEVVYSK', 'AIEEVHGK']",1.05,0.94,1.01,2647862.8,2383444.4305,2561371.9897,7592679.220199999
P32497,"['VSRENEDSMAK', 'LAELFDLPENK', 'SSFNDISK']",1.1,0.97,0.93,768715.0,676351.4038,650414.6883,2095481.0921
P53184,['ATAISAAELGYK'],1.04,1.03,0.94,1595612.3,1578042.6185,1443061.4437,4616716.3622
P38701,"['VEEQEQQQQQIIK', 'NAEQHNLVK', 'IRITLTSTK', 'GPVRLPTK', 'QLENVSSNIVK']",0.99,0.86,1.15,18832388.6,16385769.4353,21809011.6568,57027169.6921
P05748,"['YFEVILVDPQHK', 'YLEELQRK']",1.04,0.93,1.03,18025369.5,16077119.9262,17759566.1571,51862055.5833
P38836,['SGRNYDVISACK'],0.83,1.25,0.92,152793.1,229512.1754,169839.6354,552144.9108000001
P13663,"['NRPAPSVEQVK', 'EYVCDAYK', 'YVDAVNWK', 'ILAPLAEDK', 'LGCHSAPK', 'LLTPEEIK']",1.0,0.95,1.05,3420683.0,3245262.1646,3585148.6162,10251093.7808
P05318,['ALDGQNLK'],0.98,1.0,1.02,12394641.0,12629341.0004,12871270.9089,37895252.9093
P10659,"['SDEEIIDIISK', 'AQLDYQK', 'SLVAAGLCK', 'IIVDAYGGASSVGGGAFSGK', 'TQVTVEYK', 'VIPRDMLDENTK']",0.8,1.12,1.07,1767014.8,2468562.7312,2350542.832,6586120.3632
P0CX30:P0CX29,"['GDIPGVRFK', 'SSPFGGSSHAK']",1.03,1.0,0.97,23264656.1,22754917.1035,21923928.3265,67943501.53
P38061,"['DLETLTMHTK', 'TFLVANVK', 'FLSPSGHK', 'ASLPHPK']",1.03,0.98,0.99,34255551.6,32418329.9608,33019566.6614,99693448.2222
P31373,['THPNYDVVLK'],1.06,0.98,0.96,2608677.2,2393849.1777,2347307.1279,7349833.5056
P00815,"['GNSALLEYTEK', 'VSPEVVYVAEK', 'EIVFASPPRK', 'ILGPGNQFVTAAK', 'LVANDVSLK', 'EEAEELTEAK']",0.6,0.71,1.69,3204984.0,3780052.0233,9064691.4851,16049727.508399999
P36008,"['ALTYTPPK', 'HPLEALGK', 'GLIPYNK', 'TPFAEVK']",0.98,1.17,0.86,11385706.5,13620540.9046,9970780.9192,34977028.3238
Q03973,['IERDPNAPK'],1.08,1.01,0.91,825985.2,775135.885,699827.2952,2300948.3802
P22147,"['YAANIEGHERK', 'QLENISLEGERK']",0.92,0.91,1.17,1033381.1,1030376.2864,1320196.3165,3383953.7029
P05743:P53221,"['ELRAQYGIK', 'QSLDVSSDRRK', 'FAVQVDK']",1.08,0.95,0.96,22876069.8,20108742.3517,20374610.9248,63359423.076500006
P10081,"['QFYVNVEEEEYK', 'DELTLEGIK', 'VEELTTK', 'FTVSAIYSDLPQQERDTIMK']",1.06,0.94,1.0,6663122.6,5959981.2465,6311681.8823,18934785.7288
P49090,['ADWGDDIPTTK'],1.22,0.78,1.0,261849.2,168288.7591,213755.1437,643893.1028
Q04947,"['LAADVPLEPESK', 'TQEFSQMACEK', 'LGPISNLVK']",1.06,0.96,0.98,2126514.6,1936637.0875,1976654.329,6039806.0165
P10591,"['ELQDIANPIMSK', 'RLIGRNFNDPEVQADMK', 'AEETISWLDSNTTASK']",0.9,1.08,1.02,2843015.0,3434403.8692,3221746.1442,9499165.0134
P43593,"['AEELTQVPSARQK', 'RCFENLQNK']",1.36,0.75,0.89,1185209.9,656592.0418,775248.572,2617050.5138
P16120,"['IYESSVNPK', 'FIERADVELVK', 'SIQYISLSTAHPAK']",0.61,0.62,1.77,1657938.9,1697450.1053,4830806.6651,8186195.670399999
P38009,"['VDYVVCNLYPFK', 'YIAAPSGSVMDK', 'IISREVSDGVIAPGYEPEALAILSK']",1.48,0.73,0.78,1831365.0,903954.4067,966579.6618,3701899.0685
Q05506,"['RMEDGDEEALK', 'RINNYEFK']",0.94,0.75,1.31,625913.9,500818.3922,873415.5004,2000147.7926
P53163,"['GLLGLSLVEAK', 'TLEDLGAK', 'FVEAAPK']",0.57,0.49,1.94,1399217.0,1210140.8057,4749656.4991,7359014.3048
P0CX48:P0CX47,"['ILTGTVVSTK', 'QPHIFNNPK', 'TAIEGSYIDK']",0.98,0.94,1.08,18393538.9,17595512.8434,20162682.7334,56151734.476799995
P05737,['TAEQVAAERAARK'],1.04,1.01,0.95,11745111.9,11318629.8783,10714667.8985,33778409.6768
O14467,['LRGNNIGSPLGAPK'],0.95,1.05,1.0,1583674.0,1737941.79,1664972.142,4986587.932
P12695,"['LRQSLNATANDK', 'ADVPAFK']",0.99,0.99,1.03,1228640.5,1227498.5613,1275127.4779,3731266.5392000005
Q3E7Y3:P0C0W1,"['CGVISPRFNVK', 'FLQVMQK']",1.02,0.95,1.02,5358552.1,5011918.7831,5377278.9248,15747749.8079
P05747,['HALHGTAK'],1.28,0.68,1.04,271115.7,145267.704,220709.2765,637092.6805
P16547,"['LDQQERNSNPLK', 'AIAIGEFDTAK']",0.78,1.03,1.19,411916.5,544351.349,632202.8087,1588470.6577
P0CX35:P0CX36,"['DSLDNTFVTRLNNVFVIGEQGK', 'AILMQRHVK', 'IDLASGK']",0.88,1.11,1.0,14041390.3,17665019.1419,15961855.3708,47668264.8127
Q12363,"['SSTPSTYEHISSLRPK', 'FVYQGETVSK', 'TGETTLLSMSK', 'SLTFSNVVVPDK']",0.98,1.16,0.86,3714943.0,4411530.3794,3260119.9988,11386593.3782
P07991,['GAHVWDPEGK'],0.64,1.02,1.34,168449.6,269665.3026,354900.2653,793015.1679
P07170,"['DELTNNPACK', 'EQGTPLEK']",1.08,0.79,1.13,3068892.1,2253122.4986,3229419.876,8551434.4746
P0CX82:P0CX83,"['ALNEEAEARRLK', 'RLAASVVGVGK', 'RALVEHIIQAK', 'HLYHVLYK', 'AVTVHSK']",1.07,0.94,1.0,28388004.4,24857234.6248,26430586.8328,79675825.8576
Q00055,"['LTEIINTRHQNVK', 'GFEVGAK', 'RSSSSVSLK']",1.05,1.02,0.93,4143490.2,4001381.3852,3667821.7163,11812693.3015
P06101,"['AFEYQLHGDDK', 'VFEDIPIEEAEK']",0.75,1.14,1.11,226500.5,344404.1144,335221.9062,906126.5206000002
Q12230,"['ASIASSFRK', 'NAAGNFGPELARK', 'ITDEIAHLK', 'FALIAGYGK']",1.01,0.96,1.03,7799983.6,7446311.058,7978598.6565,23224893.3145
P15019,"['VANNSLEQLK', 'LFEQEGVSK', 'ISYISDESK']",0.7,1.33,0.97,5055296.7,9667407.0265,7079064.8112,21801768.5377
P39976,"['VRDFDPVSGTFK', 'GSISAEHGIGFHK', 'DNTGYDLK', 'ALNAVFFGIENFDTVQK']",0.65,1.23,1.12,1126510.4,2142077.2078,1953553.6089,5222141.2167
P41807,"['QLEQLFDVSLK', 'ALESILVK', 'NIGDGLSSSNNAHSGFK', 'FFQEDPK']",0.96,1.15,0.89,865691.1,1033598.9373,798642.2939,2697932.3312
P53912,"['INDGEIHHIPVK', 'IGPQGALLGCDAAGQIVK']",0.81,0.97,1.22,265050.4,315537.9569,399122.6925,979711.0494
P05317,"['IARGTIEIVSDVK', 'LREYLEEYK']",1.0,1.06,0.95,4527659.5,4811884.9784,4309200.4578,13648744.9362
P38088,"['DLVPVTTEVAK', 'QVRGSVENVIK', 'VLLVPLSNHK', 'LDNPIEVTK', 'VESHLLNMSQDDLASK', 'IDDSGVSIGK']",0.95,0.95,1.1,2676296.7,2667381.1004,3072893.0962,8416570.8966
P39683,"['AITYSHAAK', 'SEPLNIVIK']",1.06,0.99,0.95,3652864.3,3423577.9559,3277453.4194,10353895.675299998
P24000,['VEVDSFSGAK'],1.15,0.82,1.03,3260652.5,2326372.2015,2901477.8835,8488502.585
P00331,['VVGLSSLPEIYEK'],1.03,0.88,1.09,551703.2,468974.7499,580294.9199,1600972.8698
P02829,"['EILGDQVEK', 'FYSAFSK']",0.96,1.05,0.99,4754233.2,5222923.8221,4897573.0084,14874730.030500002
P25367,['LISEAESHFSQGNHAEAVAK'],0.43,1.71,0.86,67813.2,269824.8874,136300.404,473938.49140000006
P25340,['GQPLSHLK'],0.14,1.77,1.09,170355.6,2084245.3977,1279137.9819,3533738.9796
P05744,"['RVNNPNVSLIK', 'AESHRLYVK', 'RIAYVYRASK']",1.03,0.93,1.04,12262200.3,11070850.6904,12426766.1173,35759817.107700005
P10080,"['EHTDGHIPASK', 'DTLYINNVPFK']",0.5,2.04,0.46,163637.0,663881.9952,150122.8734,977641.8686
P05755:O13516,"['LDYVLALK', 'LAGEFGLK', 'RPYESSRLDAELK']",1.03,0.99,0.98,13015142.8,12523641.8802,12373029.9199,37911814.6001
P40212,"['VHFDQAGK', 'IIVFPRDGK', 'VRAGRGFTLAEVK']",0.84,0.89,1.28,17550688.1,18618603.1903,26797512.1616,62966803.4519
P04801,"['MELSTRPEK', 'NATVSVEEVLK', 'SLADRLCISK', 'YQGYAEDVRNK', 'TYLVQTK']",1.02,0.79,1.19,1646182.7,1281619.9575,1912822.6362,4840625.2937
P22137,"['IYIDSNNSPEK', 'FSDLIGPSTLIK', 'LVNDACIEK', 'SDNLPLIK', 'FIETYVQQVNPSK', 'DAIETAAISQDPK', 'YIEAAAK', 'YGIIYLLTK', 'DGTNSVAIVDLAK']",1.11,1.02,0.86,988950.6,909524.8249,765641.8599,2664117.2848
P25294,"['VDYPISLNDAQK', 'ESLLGFSK', 'NPSQRGNLIVK', 'TLQFVIQEK']",1.01,0.68,1.31,1652672.1,1109655.0784,2137723.8055,4900050.983899999
P38910,"['TASGLYLPEK', 'VGDQVLIPQFGGSTIK']",0.71,1.13,1.15,761575.4,1209798.8835,1232536.1786,3203910.4621
P06780,['LVIVGDGACGK'],0.89,0.51,1.59,406869.5,234048.631,723595.7867,1364513.9177
Q12402,['DEIRASVNEASK'],1.05,0.9,1.04,1162068.8,997056.813,1147521.3892,3306647.0022
P04912:P04911,['LLGNVTIAQGGVLPNIHQNLLPK'],1.78,0.21,1.01,187883.0,22118.4415,106711.6952,316713.13670000003
P35732,['QIEQPSLSSK'],1.06,0.86,1.08,651035.2,530991.0443,666142.1005,1848168.3447999998
P07560,"['ELGIPFIESSAK', 'ILLIGDSGVGK']",1.33,1.58,0.09,593663.6,705721.7379,42444.3991,1341829.737
P21243,['IDHINEESWEK'],0.8,1.44,0.75,274525.8,492997.5962,256145.3754,1023668.7716000001
P13188,"['EDGTPGGERYACK', 'NSPWVVDSVK', 'EHLEVTGGK', 'SENPSSHPEGFLK']",1.23,0.65,1.12,719899.1,383705.941,655626.8769,1759231.9179
P25491,"['VGIVPGEVIAPGMRK', 'EASAAYEILSDPEK', 'HEISASLEELYK', 'ILEVHVEPGMK']",0.92,0.49,1.59,745205.2,400053.1416,1285406.9809,2430665.3225
P41940,"['ELADFHK', 'ETFPILVEEK', 'SISDNVPK', 'LAEDVLK', 'GTIVATK']",1.04,0.93,1.03,18609932.3,16641359.2756,18375005.1721,53626296.7477
P07246,"['GVIFYENK', 'SEVFSHVVK', 'IVGLSELPK']",1.08,1.01,0.91,2802641.1,2636934.7578,2377855.4172,7817431.274999999
P32599,"['DGDATYDEARETLK', 'YLTPSSLVAGNPK', 'FRAIDLDDK']",1.03,0.46,1.51,1319118.4,593654.5789,1932929.1782,3845702.1571
Q05016,"['TVLITGASAGIGK', 'VHVAQLDITQAEK']",1.03,0.95,1.03,485857.3,448409.0866,486787.3235,1421053.7101
P40495,"['QVLENLNSK', 'ATGTRVADATK']",0.96,0.97,1.06,1625276.1,1643070.4572,1787263.6145,5055610.1717
P08524,"['ALELASAEQRK', 'ADVLTAFLNK', 'TLDENYGK', 'IGTDIQDNK', 'LVEELNASLLAYGMPK', 'TVEQLGQEEYEK', 'CSWVINK']",0.97,1.18,0.85,3706405.1,4482848.7777,3246881.8608,11436135.7385
Q00955,"['AFLASEEARHK', 'TGLVSVDDDIYQK', 'SLAPEVHQQISK', 'IIEEAPVTIAK', 'AETFHEMEK', 'LESFAQDLAK', 'SHGGHTVISK', 'VALTVLSHSK', 'VAYGSSNPK', 'IGSFGPQEDEFFNK', 'RNMPVPILETK', 'YIESLQK']",0.62,0.71,1.66,1399532.0,1606033.9495,3741620.5637,6747186.5132
P01123,['RVVEYDVAK'],0.95,1.0,1.05,2182342.2,2292752.5021,2419233.7692,6894328.4713
P40413,"['MQGRVGGSISDSK', 'TVTCFVRGSNK', 'DVDFDLIK']",0.78,1.18,1.04,572043.2,862796.9211,761842.2929,2196682.414
P15180,"['THEPNPYPHK', 'YHPDPADPAK']",1.07,0.9,1.03,2430645.8,2045073.8724,2327537.6531,6803257.3255
Q12118,"['GQHLADILNSASRVPESNK', 'DYELAINK', 'EYDQAVK', 'VEQSLNLEK']",1.23,0.88,0.89,1560933.5,1118058.0059,1132987.9504,3811979.4563
P16474,"['HGIDVSDNNK', 'VYEGERAMSK', 'VFTPEEISGMILGK', 'QIAEDYLGTK', 'HLPFNVVNK', 'VLQDSGLEK', 'FASEDASIK', 'YNDRSVQK']",1.08,1.03,0.89,3208096.8,3071106.3233,2643516.7124,8922719.8357
P17536,"['NQQLEDEIEK', 'NHQLEEEIEK', 'LEAELAESK', 'LEAGLSDSK']",1.06,0.93,1.01,3236256.4,2832979.0424,3092169.8939,9161405.3363
P15891,"['IDPSSDIANLK', 'SPAQLWAERK']",1.01,0.85,1.14,1493295.4,1252840.2061,1681789.8312,4427925.4373
P0CX32:P0CX31,['VISNPLLARK'],0.83,1.16,1.01,7467995.6,10435289.954,9130475.0694,27033760.623399995
P29453,"['YGLNHVVSLIENK', 'MGVPYAIIK']",0.99,1.02,0.99,2148404.6,2234476.1781,2158281.1483,6541161.9264
P07149,"['TNSHLPAGK', 'LVPTLEAK', 'LLQENDTTLVK', 'SIMDGIHDGHIK', 'DFEITAK', 'TVEPVYQMHIK', 'VIDEPIK', 'EFDETIFNLPK', 'AAFEDLK', 'MFVSNPIRK']",1.07,0.87,1.06,4250050.5,3477532.0535,4226291.3146,11953873.8681
P54839,"['TRPQNVGIK', 'IVGDVQHIIK', 'ALDQVYK', 'SYNIDTNK', 'TFVNVAK', 'GLVSDPAGSDALNVLK']",1.01,0.98,1.01,6611519.0,6382545.3694,6598244.2936,19592308.663000003
P40046,['IALPTRVEPK'],1.07,0.97,0.96,2668865.2,2421544.6155,2412306.5392,7502716.354700001
P80210,"['YEDLPENAK', 'VLPGWDQDITK', 'ELETLEAK', 'LDVLDTFK', 'LQTIGAEFGVTTGRK']",1.15,0.83,1.02,1682512.2,1224455.0592,1495451.2186,4402418.4778
P0CX28:P0CX27,"['HFELGGEK', 'VVLRLECVK', 'ASLFAQGK']",1.03,0.98,0.99,12299105.4,11678205.9683,11765337.5383,35742648.9066
P46672,"['VFFEGFGDEAPMK', 'VEFVEPPK']",0.97,1.0,1.03,9822597.6,10060474.2721,10448750.9799,30331822.851999998
P32473,['THYMSGGTQK'],1.13,0.84,1.03,765266.0,568849.03,694632.418,2028747.4479999999
P50095,"['NQNYPLASK', 'TALEFAK', 'AYRGMGSIDAMQK']",0.78,1.08,1.14,1555122.3,2168560.2391,2282587.4464,6006269.9854999995
Q03497,['GTNAAHEAGGYK'],0.91,1.23,0.86,72728.6,98130.4949,68792.9656,239652.06050000002
P28777,['SVATISQEQK'],1.0,1.09,0.9,766087.3,833536.6861,689512.7472,2289136.7333
P09232,"['LIHYSTK', 'GVEYAAK']",0.89,1.1,1.01,2750931.7,3388918.551,3109833.1802,9249683.4312
P38628,['NTLHCPVSCTK'],0.84,1.51,0.64,194264.3,349297.0273,148283.3541,691844.6814
P40024,"['QQEEIQHIK', 'TRSELETNQMK', 'SALEFVRDK', 'LTAYGGNYDSYHK']",1.2,0.93,0.87,2022978.1,1559573.9261,1457569.1383,5040121.1644
P41805,"['SRYNRAVPDSK', 'DDGAFVK', 'IRIYDLGK']",0.99,0.96,1.04,5215199.9,5049895.1455,5472258.8389,15737353.884399999
P47143,"['FSERLLNENEK', 'HWDLVEAAK']",0.99,0.98,1.03,1082831.2,1069225.202,1125352.6625,3277409.0645
Q12305,['ELIFYCASGK'],1.0,0.52,1.49,224567.0,116299.0549,335729.1098,676595.1647
P32485,['TVEPDAVDLLEK'],0.82,1.4,0.78,105599.4,180387.241,99737.3131,385723.9541
P22696,['TLITRLDDDSK'],0.93,0.77,1.31,238957.4,197858.4618,337355.0336,774170.8954
P38968,"['SLPAQNPATATTSK', 'GVSITNPK', 'IEVQTLQNLTNTLDEQETETK', 'ARVLIASGK']",1.02,0.75,1.23,762898.2,561092.6712,917322.9961,2241313.8673
P20606,['DVPFVILGNK'],1.14,1.06,0.8,182345.4,168690.5725,127688.172,478724.14450000005
P38250,['HVVNVQNPPK'],0.97,1.25,0.78,405355.0,522585.3245,326602.1733,1254542.4978
P38219,"['AGIVGLANVGK', 'DIEFAQK', 'LQTISALPK']",0.99,1.0,1.02,1511631.6,1528443.0099,1561179.7359,4601254.3458
P37292,"['HSITLIPSENFTSK', 'YIDSAVK']",0.83,0.13,2.04,322515.3,51353.3694,797166.1277,1171034.7971
P22217,['LDVDELGDVAQK'],1.34,0.73,0.93,486142.3,264970.0245,338771.3545,1089883.679
Q99190,['ISANNHNISK'],1.16,0.89,0.95,739915.8,568508.8112,604763.9458,1913188.557
P15496,['LDHELGIPEDETK'],0.99,1.09,0.92,312913.8,344554.7452,292317.9283,949786.4735000001
Q04869,"['LGGSAEDNGDEQIFK', 'VADIPENK']",1.06,0.92,1.02,992418.7,856836.1203,954894.8825,2804149.7027999996
P39727,['NIEQCEREGYVSK'],1.06,0.92,1.02,134715.5,116547.1826,128487.8366,379750.5192
P32454,"['HGQFAADLTAK', 'TIELEDPTFFK']",0.96,0.79,1.25,424686.2,350115.2945,555311.4241,1330112.9186
P36105,"['LAAIVEIIDQK', 'VLIDGPK', 'WAAAAVCEK', 'WAASSWAK']",0.96,1.02,1.01,17425465.8,18505756.3815,18283639.5816,54214861.7631
P05749,"['YLIDHIK', 'VEGAVGNLGNAVTVTEDGTVVTVVSTAK']",0.99,0.92,1.08,14345231.8,13311725.9666,15605324.6919,43262282.4585
P00498,"['YFADLEGTTVEK', 'GVVLDELK', 'SLIATIK']",1.11,0.86,1.03,1454061.1,1121760.919,1352294.2504,3928116.2694000006
P32861,"['TCSDLLLVK', 'EHIDEFK', 'LDDAARAK', 'SPNPDEVVK']",1.03,0.8,1.17,2557216.9,1993417.6069,2892034.6329,7442669.139799999
P40008,['VVAIVERDNSK'],0.96,1.08,0.95,456712.4,511247.9462,451977.1216,1419937.4678
P48589,"['QLGEWAGLGK', 'VVGASVVVVK']",1.01,0.99,1.01,3520300.0,3464122.7758,3519752.2989,10504175.0747
P09624,"['EDHILDVK', 'IVSSTGALSLK']",0.38,1.49,1.13,530220.9,2095663.7935,1588507.1326,4214391.8261
P32582,"['YADVFGNATVK', 'LSINNSNNDNTIK', 'LIDVWYK', 'GYRTIITLPEK']",0.8,1.06,1.14,937537.8,1253916.9979,1341185.1573,3532639.9552
Q12377,"['IIGLDTQQVEGK', 'LATLHYQK']",0.92,1.09,0.99,998375.3,1175302.6414,1070864.2915,3244542.2329
P09064,['TIFSNIQDIAEK'],0.9,1.04,1.06,230576.2,265533.5104,270597.7492,766707.4596000001
P07244,"['TLGEGILEPTK', 'LAQSPTVGK', 'DIAYRAFQNSESSK', 'QFGEEAGK', 'GVIIPSSIDESVQAIK']",0.93,1.21,0.86,1673616.5,2177470.9092,1553748.2943,5404835.7035
P31412,"['TNLAAAERK', 'NVQEFTTAAREK', 'SYETLSK']",1.05,1.0,0.96,3268620.4,3109583.5375,2995498.7087,9373702.6462
P26321,"['TDYYQRK', 'LGLDETYK', 'EQYAAESK']",1.04,0.95,1.02,18406211.4,16757810.0569,17990511.9853,53154533.442200005
P54113,"['FEEVPEPFTK', 'FITAPSGSVMDK']",0.73,1.04,1.23,476535.9,686335.3401,807795.9161,1970667.1562
P07251,['HALIVYDDLSK'],0.95,1.04,1.01,824051.3,901579.1741,873849.9792,2599480.4533
Q6Q547,['SAHPARFSPDDK'],1.21,0.77,1.03,633662.2,402346.4683,539214.0467,1575222.7149999999
P27810,['SVEDRFNSK'],0.97,0.83,1.2,578556.5,500472.6471,719252.5455,1798281.6926
Q07653,"['TSPPTSHEHSNIK', 'TNPSVTHGHTSVK', 'AGTELGHMK', 'ANTGPSATATTHGHINVK']",0.74,1.57,0.69,390552.7,831083.6193,362996.7814,1584633.1007
P47117,['STGVDVSVISHRK'],0.62,0.78,1.6,57662.2,71675.9758,147944.4082,277282.58400000003
P14742,['VVSSIEQVTARK'],0.99,1.32,0.7,653951.4,873522.63,461450.8664,1988924.8964
P09938,['AAADALSDLEIK'],0.94,1.03,1.03,527168.9,577486.4929,574685.1977,1679340.5905999998
P25443,"['GWVPVTK', 'AVVVVGDSNGHVGLGIK', 'TRTLENTLK']",0.98,1.1,0.93,8167198.0,9176051.2399,7785254.2,25128503.4399
P00931,"['DEFFAFQK', 'INNALAQVLLAK', 'IVTLCGDAPEGK', 'DVQSVAEVLPK']",1.25,0.74,1.0,987563.9,585302.9466,790513.9312,2363380.7778000003
P47079,"['VAVFTCPLDIANTETK', 'IIVNHLGK']",1.02,1.03,0.95,627670.2,629123.0921,582039.7089,1838833.001
Q12109,['VTQQVSELK'],1.06,0.89,1.05,317399.0,267312.0287,314738.0119,899449.0406
P39938,['VSPADAAK'],1.08,0.94,0.98,2807312.5,2457704.4438,2545519.7988,7810536.7426
P32449,['HGVAAITTTK'],0.05,1.89,1.07,57864.3,2329705.5578,1315076.6185,3702646.4763
P33333,"['RQEAIDTLNK', 'GAFHLAQQGK']",1.03,1.12,0.86,902652.4,981580.0202,754355.2797,2638587.6999
P15705,"['AEEARLEGK', 'SLTEHRTADILTK', 'ALELDASNK', 'TIEYYQK', 'AYTEMIK']",1.05,0.98,0.97,4147157.8,3851900.1446,3846700.0933,11845758.0379
Q03104,['DDLINLAK'],1.05,0.79,1.16,365222.5,274452.5208,400527.7106,1040202.7314
P15992,"['DIDIEYHQNK', 'VVVPGVK', 'ADYANGVLTLTVPK']",1.07,0.9,1.03,20844522.6,17592661.1939,20008727.841,58445911.634899996
P41921,"['SHLGMGSENVGIK', 'VELTPVAIAAGRK', 'EGINVHK']",0.56,1.38,1.05,838673.9,2058989.8669,1569065.098,4466728.8649
P41338,"['FDNEIVPVTIK', 'AIILGAQSIK', 'DEEPARLHVEK']",1.07,0.99,0.94,1083815.4,1005666.7047,952574.1846,3042056.2893000003
P48836,"['EAHEIVSK', 'NAGGVGELEK', 'AEAGVQGELAEIK', 'NGIATLLQAEK']",1.1,0.94,0.96,3478693.9,2976214.9932,3049165.3315,9504074.2247
P40991,['RPSTTQGDEVSDRK'],1.04,0.57,1.39,147805.7,79984.9604,196665.6159,424456.2763
P32074,['DDVIAQNLIESK'],0.97,1.75,0.28,69507.3,125121.387,20348.6513,214977.3383
P00958,['ELPQQHVEVLTNK'],0.78,1.51,0.7,165191.0,318546.6246,148599.0127,632336.6373
P21264,"['TVILDAENSPAK', 'QEEEVLVK']",1.1,0.87,1.04,3060088.5,2418265.9776,2891222.6571,8369577.1347
P33322,['TGHSGTLDPK'],0.89,1.53,0.59,515673.3,890097.625,341571.9205,1747342.8455
P53691,"['LCEGNAGMAK', 'TAENFLK', 'HVVFGEVIQGK']",1.3,0.84,0.86,1583476.0,1021935.0632,1044240.0036,3649651.0667999997
P17555,"['IDTVVLDALQLLK', 'NPELRQSSTVSSTGSK']",1.23,0.49,1.27,533443.1,212380.3283,551220.7855,1297044.2138
P21242,['LVDHHPEGLSAREAVK'],0.5,1.69,0.81,41736.9,140266.7832,66909.8255,248913.5087
P15454,['DYNFVSVDEFK'],1.4,0.77,0.83,65403.7,36152.573,38944.6369,140500.90989999997
P38624,"['GEVYTIPLGGSVHK', 'EETVDFIK', 'HSLSQAIK']",0.92,0.88,1.21,1726488.1,1656218.7986,2272049.5093,5654756.4079
P21304,['AHDAGISTLCSNK'],1.06,0.36,1.58,118393.7,39754.0062,176698.8,334846.5062
P87262:P40525,['TPGGILRAQHVK'],1.0,1.01,0.99,4740610.4,4759509.5326,4697109.8727,14197229.8053
P0CX53:P0CX54,['IGPLGLSPK'],0.96,0.97,1.07,3181932.8,3227022.6754,3529055.6167,9938011.0921
P29952,"['VLSIQAHPDK', 'ILHAQDPK', 'MPSYNHESK']",1.45,0.85,0.7,6405309.9,3742927.184,3099547.308,13247784.392
P40893,"['SVFQEAGK', 'VTLETDEK']",1.06,1.14,0.8,1656894.6,1792063.6693,1256771.5189,4705729.7882
P38626,['AIAMDPHDTTK'],1.03,0.84,1.12,796881.9,650462.0226,863726.2482,2311070.1708000004
Q12159,"['GGNAPRPVK', 'LLDTTREVK', 'VNVEGLPRDIK']",0.97,0.96,1.07,6250228.6,6192635.7937,6924207.5329,19367071.9266
P35719,['HDVTDFDSK'],0.96,1.01,1.02,1450067.5,1530840.2742,1546358.6186,4527266.3928
P00812,"['RADLVGEATK', 'LVYNSVSK']",0.96,0.85,1.19,725428.0,645686.6019,903577.4457,2274692.0476
P38708,['AGTAAAAAAAALEDAK'],1.06,0.88,1.06,313281.7,259137.3013,313305.9473,885724.9486
P05739,['WYPSEDVAAPK'],1.2,0.4,1.41,379046.4,125106.3536,444112.5349,948265.2885
P43585,"['TLIEDEATGK', 'NAGPVNVEAK']",1.02,0.65,1.33,580597.7,369576.0745,757183.2044,1707356.9789
Q12250,"['GDYSQATVLSRK', 'TRQASDLASSK']",1.01,1.11,0.88,609828.9,672227.9365,534778.3559,1816835.1924
Q04062,['AQFQELDSK'],1.05,1.13,0.82,2167098.2,2320135.514,1679352.7318,6166586.4458
Q06103,"['EAAEFVLAK', 'NAQYHLLVK']",0.96,0.75,1.29,686290.3,535027.032,921629.1689,2142946.5009
Q05775,['ALTAAITPMNK'],1.14,0.6,1.26,647939.7,341243.1385,714560.0789,1703742.9174
Q12447,"['LSNQEIGNK', 'IIAENTNVAK']",1.02,0.89,1.09,2724841.7,2368805.849,2886053.4377,7979700.9867
P04046,['VLIVDDSIVRGTTSK'],0.63,0.82,1.54,71819.0,93449.3892,175331.5086,340599.89780000004
P19146:P11076,['LFSNLFGNK'],0.11,1.9,0.99,34054.5,578172.9146,302804.9083,915032.3229
P00899,"['LAQLNNPDRK', 'ESFLLESAK']",0.9,1.03,1.07,520920.7,596888.3713,622790.844,1740599.9153
P54000,['ASNESHDLEPRSK'],0.76,1.4,0.84,111780.8,205914.9075,123946.3329,441642.0404
P05373,['TFVLSYAAK'],1.16,0.78,1.06,132220.4,88914.1428,121123.7479,342258.2907
P36147,['LSHNQQLAQFNNK'],1.22,0.8,0.98,243957.4,160471.6101,195524.2192,599953.2293
Q04182,['GTRVPQTPK'],1.07,1.1,0.83,843190.8,873204.2138,656237.9001,2372632.9139
Q08645,['LGIAGEFQK'],1.02,0.98,1.0,11542574.0,11130792.478,11329191.177,34002557.655
P40482,"['SAYHLIGGVGGK', 'SVQDILATYK']",0.95,1.18,0.87,280846.9,347282.7221,254980.8586,883110.4807000001
P15565,['IVRYQENPTK'],0.46,1.12,1.42,79529.5,195263.8961,246468.4195,521261.8156
P25375,['ADSVERETFK'],0.75,1.5,0.75,276458.7,553252.459,278519.2948,1108230.4538
Q02486,"['YANEVRSQVFAQHPDK', 'LYSEYQK', 'ENPTLRPAEISK']",0.56,1.32,1.12,540852.0,1270589.2837,1084516.6862,2895957.9699
P07213,"['NDPLGAHEDIK', 'LDPRSEQAK', 'GNQFFRNK', 'SFITRNK']",1.06,0.88,1.06,1980243.3,1639234.8505,1964390.8548,5583869.0053
P04161,['AYGLTRAADNNIPTK'],1.02,0.27,1.71,91098.7,24430.3247,153655.077,269184.1017
P39986,"['ALQVTPPEHK', 'GTVITPEIRK', 'FLVDESPK', 'IAVLHGGTK', 'EFLLNTLK', 'GHSGDLTHLK']",1.05,1.12,0.83,1494711.2,1593551.6784,1176796.9186,4265059.797
Q06177,['WTVHEAK'],1.0,0.98,1.02,3300103.8,3255360.2411,3365536.017,9921000.0581
P40531,"['VALNSSECLNK', 'LQEISTSVSEK']",0.96,0.93,1.11,991007.6,966201.6446,1143516.9791,3100726.2237
P06738,"['FTTRDPK', 'IEDPEDPAASK', 'VVFVADYNVSK', 'SAPGYYMAK', 'VSIFGGK']",1.04,0.88,1.08,2460800.3,2080070.4341,2569030.1005,7109900.8346
P32327,"['VVEVAPAK', 'LQAVGDLNK']",0.9,1.13,0.97,2116514.7,2669923.0351,2274483.2995,7060921.034600001
P40303,['LQDTRITPSK'],0.86,1.31,0.83,1386550.5,2114943.5974,1329511.9701,4831006.0675
P09436,"['FLDGQIALLK', 'GQVYRGFK']",1.13,0.97,0.89,1660320.5,1420837.5036,1308975.2721,4390133.2757
P53200,['REEQQHQEAFQK'],0.9,0.78,1.32,209462.9,181243.1838,306344.7105,697050.7943
P39714,"['LGVEVFNPSK', 'QRIEDGWEK']",0.83,0.47,1.7,522077.6,298334.7173,1076329.3233,1896741.6406
P32566,['EHVENEHVTESAK'],0.23,1.26,1.5,39574.9,212361.8835,253363.5678,505300.3513
Q04491,"['IFEVEGETHK', 'FVTGGADNLVK']",1.1,0.64,1.26,1797834.7,1050941.9639,2051753.6589,4900530.3228
P30624,"['GLIHSLVQTGSK', 'AVYSDLLK', 'LVDVEELGYFAK']",0.29,1.41,1.31,756893.5,3701455.6513,3440230.8671,7898580.0184
P32481,"['LGDEIEIRPGIVTK', 'DELERNITIK']",1.0,0.94,1.06,555585.8,522529.9835,587744.8778,1665860.6612999998
P47018,['LFNTAHEEYQK'],0.88,1.02,1.1,167509.5,194805.0996,209622.6882,571937.2877999999
P40069,"['ALYELLSAADQK', 'YLDPLMNK', 'SVLLASK', 'EHFLPYVEQSLK', 'QLAGVEARK']",0.56,1.58,0.86,736916.6,2099511.1112,1138430.8892,3974858.6004000003
Q12123,"['VISLLGSIDGK', 'QHILHNPTAK']",1.08,0.69,1.23,246767.6,156899.1698,281701.7833,685368.5531
P48415,['LETHVSTEEK'],1.26,0.67,1.06,154181.6,82088.0767,129539.1409,365808.8176
P43609,['EESATLGAEVAHK'],1.33,0.98,0.69,201593.7,149263.9804,105048.4274,455906.1078
P36017,"['IDMLQEGGERK', 'GLLFFETSAK']",1.41,0.45,1.14,489868.3,155451.7229,396320.1542,1041640.1771
P33892,"['EFVSQELFIK', 'SNLNADYK', 'EHASVIMEK', 'LAVAYAK', 'LIGSLSEILSNDEAHK']",1.46,0.74,0.8,660307.5,336722.7908,360872.9806,1357903.2714
P39079,['GSTHYALAQTK'],0.91,1.19,0.9,234593.6,307554.2757,230516.8919,772664.7675999999
P07283,"['TYCLQHVEK', 'EIHFFGDK']",1.07,1.08,0.85,1461808.0,1470641.7548,1159908.1748,4092357.9296000004
P0CT04,['VPDVLHLNK'],1.06,0.95,0.99,1349185.4,1213484.3995,1257326.4083,3819996.2078
P32565,['LNPQVADINK'],1.31,0.59,1.1,367013.6,166464.9667,309454.6132,842933.1799
P53852,"['ESLIHEVK', 'EFLQLTDK', 'NDAASAGHISK']",0.83,0.6,1.57,541153.5,394008.2501,1022101.6382,1957263.3883000002
P54838,"['VLDPIPSTEDLISK', 'ALQSDFEEIK', 'FESELNEK', 'SLGIALDTLYK', 'IVGAFAEEYSSK']",0.84,1.15,1.01,455298.5,625374.3222,551006.0397,1631678.8619
P23833,['SYVPAEQRAK'],1.31,0.68,1.01,215770.2,111113.693,165523.2184,492407.11140000005
P07278,"['GTVDFYVNDNK', 'SLTTYDRAK', 'SEQQLQRLEK', 'LADALDTK']",1.18,0.81,1.01,2154773.2,1476561.0184,1841296.9014,5472631.1198
P25296,"['LDRDSSGSIDK', 'NAIETTEVAK']",1.07,0.73,1.19,768508.7,527528.0404,857317.9806,2153354.721
P40037,['LVEGSIADK'],0.11,1.8,1.09,139486.8,2195079.8184,1326823.524,3661390.1424000002
P52917,['HLESEEANAAK'],0.95,0.77,1.28,158072.0,128167.464,211912.7565,498152.22050000005
Q08971,"['LLTSVPGSK', 'FTEEELK']",0.99,1.05,0.97,3526885.3,3735670.7518,3444913.2544,10707469.3062
Q05050,"['VVRNNSITSATSK', 'SELNATEIELK', 'VAERETLLEDTK']",1.06,1.28,0.66,516882.4,628463.8386,323927.6038,1469273.8424
P18562,['ILIQRDEETALPK'],1.0,1.29,0.7,254098.5,327588.2495,177528.2288,759214.9783
Q07362,['ALPRQQQQQQQARK'],1.08,0.55,1.36,65721.5,33690.6796,82770.277,182182.4566
P32288,"['EMRQPGGMK', 'YIEQAIEK']",1.14,1.07,0.79,4165819.8,3891794.0457,2887069.4948,10944683.340499999
P15303,"['VQGLIGHASAVK', 'ALLEEPK']",0.96,1.12,0.92,1181411.3,1389554.4934,1136794.2066,3707760.0
Q03362,['FLHTETGQNIEK'],0.85,0.95,1.2,168676.6,188332.5361,237639.1024,594648.2385
Q12746,['LESGYLDLVVK'],1.68,0.02,1.3,206387.9,2014.048,159234.0131,367635.9611
P32590,['AVYTHPSK'],1.22,0.96,0.82,376175.7,295927.704,253424.4167,925527.8207
P38071,['IDTISDFIK'],1.07,0.48,1.45,84655.4,37888.0892,114762.6163,237306.1055
P38707,"['TRIYDSYSK', 'QLNPNFK']",0.89,0.84,1.27,1133375.8,1071245.1553,1615491.1007,3820112.056
Q02326,"['AERVEDQK', 'HLEDNTLLISGPFK']",0.55,0.73,1.72,243800.2,319827.4634,759724.6009,1323352.2643
P38791,"['HIDELDDHEK', 'MIDRFGK', 'MLEEQDEYVK']",1.1,0.87,1.03,2176158.7,1727577.4884,2028948.0518,5932684.2402
P34223,"['REVLHCNSTDTVK', 'AINTEHVGGLCPK']",1.37,0.79,0.83,605142.9,349785.2168,367405.3223,1322333.4391
P20051,"['DISIIPFK', 'IILEHCTSESAIK']",1.02,0.67,1.31,309200.7,203795.1573,395124.2293,908120.0866
P50107,['LLRTSEHESAK'],1.04,0.88,1.08,275351.5,232186.0743,285188.4031,792725.9774
Q08972,['EIDIDDGRGK'],0.99,1.1,0.91,376350.9,418200.215,347143.9678,1141695.0828
P00890,['LVSTIYEVAPGVLTK'],0.84,1.15,1.01,136365.9,186894.8925,163730.5666,486991.3591
P07262,"['GANIASFIK', 'ALVAQGVK', 'GGLCVDLK']",1.25,1.09,0.67,3506826.4,3060398.5838,1878429.2526,8445654.236399999
P40327,"['YEPPVQSK', 'ILGIHTSK']",0.59,1.52,0.89,170703.0,439075.3024,258751.533,868529.8354
Q04773,['LIATNNVTHK'],1.07,0.72,1.21,513443.4,344792.6971,584096.0746,1442332.1717
P40016,"['SLGFLQQSNK', 'FITSNHK']",0.77,1.14,1.09,705988.2,1047748.8029,999763.4434,2753500.4463
P32860,['NTDENLINHSK'],0.93,0.51,1.56,152455.2,83452.2747,254208.4697,490115.94440000004
P18899,"['IGEDRFDK', 'AENMIGEDRVNQFK']",0.25,1.89,0.86,875681.7,6574337.1207,2996986.58,10447005.4007
P48570:Q12122,"['FLRQYSHGK', 'SAVEVIEFVK']",0.92,0.82,1.26,706191.9,634308.1511,969911.7526,2310411.8037
P38764,['YLYVDEPEVK'],0.97,0.71,1.32,151696.9,109976.6151,206047.3388,467720.8539
Q12166:P06208,['RTVEALTGAK'],1.31,0.2,1.49,1612256.5,243658.3717,1837395.2637,3693310.1354
Q12018,['ELVPSHEK'],1.67,0.48,0.85,585143.1,169785.4515,298872.164,1053800.7155
P38804,['AQVENEFGK'],0.99,0.96,1.05,1230221.6,1198792.318,1304174.3017,3733188.2197000002
Q12460,"['LVPDNYTFAK', 'AILDLNLPK', 'LQQDDIGSRLK']",1.1,0.96,0.94,1381399.4,1211709.6326,1179141.8029,3772250.8354999996
P23644,"['TLNPSFSEK', 'VACFLERK']",1.13,1.44,0.43,622490.9,794949.8056,237263.1024,1654703.808
P00729,['YDEEFASQK'],1.24,1.02,0.74,770933.4,635092.5627,462605.2777,1868631.2404
P23639,"['RIYGEYPPTK', 'SSSPLAMSETLSK', 'VAHTSYK']",0.85,1.39,0.76,342216.2,560101.3423,308169.1183,1210486.6606
P25567,['ASITVSGTK'],1.75,0.11,1.14,1283443.6,78295.5506,835957.8755,2197697.0261
P39721,['FNNVLLTADK'],1.92,0.21,0.86,49794.2,5562.7145,22333.3145,77690.22899999999
P29704,['LAVQDPNFLK'],0.72,0.72,1.56,132522.9,133091.3464,289564.3719,555178.6183
P38328,['SVVAVYK'],1.27,1.19,0.54,423192.0,398159.424,179242.1113,1000593.5353
P14843,"['AAYDYADRLAK', 'DTFLILRGGK']",1.58,0.3,1.12,1257334.4,236029.9856,888770.5481,2382134.9337
P40557,['SFTETPRTK'],1.51,0.92,0.57,332743.2,201987.6142,126219.0831,660949.8973000001
P36015,['TIENVLQRGEK'],1.24,0.89,0.87,600508.4,432484.6574,424812.1162,1457805.1736
P32939,"['VIILGDSGVGK', 'ATIGADFLTK']",0.92,0.8,1.28,574971.3,502452.3935,803264.0773,1880687.7708
P43603:P32793,"['GINNPIPRSLK', 'GDVITILK']",0.86,0.52,1.62,403406.0,245092.7096,758806.5334,1407305.2429999998
Q02725,"['DLTNSHLVNEVPK', 'LHPNYPSVK', 'TNAAFLK']",1.33,0.95,0.72,1176550.6,836182.8599,637784.3752,2650517.8351000003
P39743,['IVTPCQELLK'],0.95,0.77,1.28,220816.8,177986.2324,297301.9754,696105.0078
P37262,['ILDLIDTAK'],2.41,0.5,0.09,405471.3,83253.2344,15314.0283,504038.5627
P33331,['LVSLPFQK'],1.25,0.71,1.04,2432426.5,1382840.6703,2016554.1091,5831821.2794
Q12458,"['IFTLPEDDFK', 'EQAIIDMAK']",0.93,1.18,0.89,401296.1,505923.7029,382087.6889,1289307.4918
P16649,['SLDHTSVVCCVK'],1.02,0.92,1.06,103818.4,93476.97,107104.8105,304400.1805
P43639,['ELEEYVERK'],1.12,0.59,1.29,168582.5,89231.1505,195654.9507,453468.6012
P32527,"['TADLYAAMGLSK', 'TPFVRRPVEPVGK', 'LVERAVSEDPRIK']",0.95,1.01,1.04,316038.0,335488.0697,343932.6534,995458.7231000001
P40032,['ELEQECPYHSK'],1.36,0.39,1.24,192429.0,55297.9822,175657.385,423384.3672
Q12074,"['YQDVLIFK', 'EYFQLLNSALTEK']",1.27,0.46,1.27,585431.8,209668.3174,586235.9588,1381336.0762
Q05040,['HQLNQIQSK'],0.69,0.87,1.44,62503.3,79099.2925,131024.4319,272627.0244
P05374,['VIDTRADREK'],0.38,1.75,0.87,117147.8,538436.4726,268314.2179,923898.4905000001
P43621,"['EIEATEERK', 'THPNIDK']",1.03,1.0,0.97,901925.2,872485.3115,853572.182,2627982.6935
Q03690,['FISHVQAFEK'],1.0,1.27,0.74,559367.8,712225.6954,414097.7958,1685691.2911999999
Q08977,"['SLESHQVAEK', 'DEYDILEGK']",1.26,0.8,0.94,916081.4,579687.134,680021.0394,2175789.5734
P07257,"['DLSPAINYTK', 'LVRESELLGGTFK', 'STLDREYITLK']",0.88,1.21,0.91,612465.4,848713.4847,637722.5269,2098901.4116
P16387,"['RGQYIPGLK', 'DWCLSGK', 'NDPIAGLK', 'ATLLQMYK']",0.35,1.89,0.76,498316.3,2697513.4261,1079525.1869,4275354.913
P17695,"['MVSQETVAHVK', 'EVFVAAK', 'TYCPYCK']",0.68,1.18,1.14,1430762.0,2493848.4009,2395493.3161,6320103.717
Q01852,['TGETMEHIATK'],1.3,0.83,0.86,198733.6,127328.8691,131809.0505,457871.5196
Q12265,['ICENLDIHPSK'],1.25,0.13,1.62,119618.4,12456.8024,154656.4298,286731.6322
P20435,['DQRATTPYMTK'],1.14,0.92,0.94,411007.5,331046.6025,339633.5738,1081687.6763
P38703,['SIDRLVVNAK'],1.05,1.21,0.74,202344.6,232262.729,142728.0278,577335.3568000001
P47089,['LAESSIGEAREEK'],0.84,0.76,1.4,704223.9,644448.6724,1179277.2546,2527949.827
P38205,['DVIQANDDRLK'],0.86,1.21,0.92,290917.0,408446.6825,310827.775,1010191.4575
Q02821,['IFNCQQNENDK'],1.09,0.03,1.88,164385.3,4374.6186,284959.9731,453719.8917
P40363,['ELPQTLDSHFNK'],0.92,0.81,1.27,143068.7,125022.9487,197798.2944,465889.94310000003
P38912,['YNLDEARTLK'],0.98,1.26,0.76,1372528.5,1771624.2113,1069579.4629,4213732.1742
Q12032,"['DSINEFLANK', 'TSPTAIK']",0.25,1.51,1.24,141276.5,869780.6151,712555.871,1723612.9861
P32499,"['FSGTVSSDVFK', 'SIENPTQTK', 'SYDSRGVGEMK']",1.12,0.98,0.89,836789.0,732804.5604,662959.7238,2232553.2841999996
Q04439,['SEQETYEREK'],1.09,1.02,0.89,109247.3,101752.3151,89633.8924,300633.5075
P32458,['SDSLTRDELK'],1.01,0.84,1.15,339239.2,280933.7804,386138.61,1006311.5904
P38555,['AFEELINTIYQK'],1.0,0.52,1.48,114680.3,59416.3127,168454.0392,342550.6519
P25373,['VLVLQLNDMK'],1.37,0.23,1.4,278899.6,46684.6533,286359.1366,611943.3899000001
P07342,['AADLINLAK'],0.39,1.03,1.58,40588.7,106893.6,164036.5489,311518.8489
P12385,['LLEAYFDEISQDTGK'],2.39,0.33,0.28,223699.6,31019.6672,26216.074,280935.3412
P39935,"['EVPVQEETK', 'ASSEENISEAEK', 'AVIEQIFLK']",1.03,1.14,0.83,507531.3,558144.651,408873.4817,1474549.4326999998
P24280,"['FYPQYYHK', 'IFILGSSYQK']",1.23,0.75,1.02,937061.4,574392.4024,775875.5595,2287329.3619
O13297,['SDEEQRIPK'],0.73,0.73,1.53,82535.6,82937.4046,173173.956,338646.9606
Q08723,"['ELPINHTILGK', 'DVVEYLDK']",0.88,1.02,1.09,366120.7,425438.0374,453837.0041,1245395.7415
P38523,['LESQLSAK'],0.62,2.27,0.11,36087.6,131631.8814,6325.5068,174044.98820000002
P20449,['GVAISFVHDK'],0.98,1.29,0.73,214051.5,281506.5716,160790.1725,656348.2441
P11632,['VTPREPK'],1.05,0.89,1.06,2459562.0,2102566.4824,2497484.1652,7059612.647600001
P20447,['NIIRETDASK'],0.58,1.34,1.08,139479.1,321147.5502,257742.7131,718369.3633000001
P0CE69:P39109:P14772,['VGIVGRTGAGK'],0.28,1.38,1.33,66487.9,323941.0156,311905.9431,702334.8587
P23585,['LETDESPIQTK'],0.87,0.9,1.23,275766.8,285148.0616,389620.3311,950535.1927
Q07648,['LLRSDLGEEK'],0.94,1.07,0.99,575345.7,658017.6887,605191.5778,1838554.9665
Q08299,['HSQVGSINTVK'],1.12,0.75,1.13,291015.5,194909.3317,291618.5181,777543.3498
Q99383,['TQHILDGK'],0.77,1.28,0.95,333044.3,557724.012,412249.7423,1303018.0543
P39940,['AGEVQQLPK'],0.89,1.08,1.03,117111.8,142724.2499,136045.7596,395881.8095
P47068,['HNEVEEHVK'],0.58,1.04,1.38,100820.6,181861.2088,241543.1969,524225.0057
P32263,"['LGIPLQESK', 'SGAHPSVLK']",0.83,0.87,1.3,1505896.4,1588425.7342,2370964.9286,5465287.0628
P32521,['TAEERAAYLK'],1.41,0.8,0.8,433309.4,245337.1111,245570.7842,924217.2953
P15625,"['GPEFSTDLTK', 'LDELDEIK', 'NNSHLDSIDAK']",1.12,0.94,0.94,691874.6,583425.042,581103.0286,1856402.6705999998
Q07551,"['RGVLPVTTSSK', 'TAQDDSQPFFEYVK']",0.91,1.24,0.86,919366.4,1253508.7066,868240.9179,3041116.0245000003
P12612,['ETLINIAK'],1.04,0.96,1.01,18014480.0,16649718.224,17536206.7494,52200404.9734
P40215,['VAPTTGVVAK'],1.06,1.19,0.75,817173.2,915209.4949,572880.0843,2305262.7791999998
P53741,['IHTETVPSSTK'],1.24,0.9,0.86,261695.5,190505.1425,181803.7607,634004.4032
Q06146,['VRSNRDDLEAEEK'],1.05,0.37,1.58,346790.3,120589.152,520613.0061,987992.4580999999
P43590,['DLLLNRNPK'],0.92,1.28,0.8,222821.9,308705.4312,192496.5391,724023.8703000001
P48015,"['FYPIELAK', 'DVLEPLLSK']",1.18,0.98,0.84,385514.4,322089.1051,275538.1105,983141.6155999999
Q03178:P32478,['GGILTDGK'],1.97,0.92,0.11,3071876.2,1438269.2108,170805.3426,4680950.753400001
Q12270,['YYRDEDIDRTK'],1.25,1.46,0.29,153144.6,179590.7169,35747.0909,368482.4078
Q03940,['TISHVIVGLK'],0.78,1.21,1.01,78150.2,120613.9867,100500.871,299265.0577
P41810,"['LLEVAFLDTTK', 'IIDTPQK', 'VSEHLLPDAK']",1.24,0.7,1.06,824210.8,465706.4165,703891.0883,1993808.3048
P20459,"['GYIDLSK', 'GIEQLESAIEK']",1.0,1.01,0.98,2615993.3,2647157.6227,2569235.7697,7832386.6924
Q05359,['GTLFQATYK'],1.02,1.28,0.7,228530.9,287739.9708,157428.4837,673699.3545
P26637,"['REAELFGK', 'YGDLTAK', 'VREHIEPK']",1.09,1.07,0.83,1765056.4,1732566.9267,1338921.6873,4836545.014
P40581,"['ELEALYK', 'GQPFPFDQLK']",1.07,0.79,1.15,1005524.1,741371.8992,1081335.8593,2828231.8585
P46971,['SMFEHNNK'],1.13,0.76,1.11,234741.6,158904.4239,230810.8051,624456.829
Q04697,['HMDLPEIAAK'],0.23,1.39,1.38,26414.0,158054.1984,157451.454,341919.6524
P32496,"['FHSELQYLDK', 'SAIRDEIAK']",0.99,1.07,0.94,6077979.5,6527822.895,5771171.3638,18376973.7588
Q02642,['LQSQLAK'],1.87,1.0,0.13,737875.7,394410.4624,49488.5713,1181774.7337
Q07541,['LDHTNVLK'],1.05,1.23,0.72,360510.8,423652.0186,248062.4356,1032225.2542
P38426,['SAVITPVSK'],0.89,0.83,1.28,481192.4,449153.6471,694785.858,1625131.9051
P32802,['TVIPGDDAK'],0.51,0.81,1.68,33878.1,53543.8864,111628.2333,199050.21970000002
P32419,['SLVFQLDK'],0.52,1.18,1.3,53801.7,121211.7109,134126.0425,309139.4534
P08417,"['IGYDAASK', 'AIQQAADEVASGK']",0.71,0.91,1.37,571569.3,730150.4583,1099469.6246,2401189.3829
P39966,['IVEILQEQK'],1.2,0.71,1.08,384874.3,228486.2971,346597.9937,959958.5908
P25719,"['HVVFGEVTK', 'FADENFVK']",0.88,1.55,0.57,309469.4,546350.1434,202584.0954,1058403.6387999998
P40580,['SISQSNSEHDIK'],1.03,0.95,1.02,209483.1,193404.0825,206820.8776,609708.0601
P54114:P47771,['SYIERGK'],0.05,1.71,1.24,22384.1,803916.7302,581830.5639,1408131.3941
P17442,['NLLRDSTTGK'],1.36,0.41,1.22,117505.6,35451.1547,105421.1131,258377.8678
P54783,['EQDPDNVFLANK'],0.41,2.06,0.53,26551.9,135035.6692,34949.2142,196536.78340000001
P38081,['TSGDRDAIVQK'],0.91,1.41,0.69,353577.8,547945.8029,268431.7106,1169955.3135000002
Q06151,['QLERDGIPK'],0.95,1.0,1.06,706631.1,746554.3059,788943.4708,2242128.8767
P32563,['AIFEILNK'],0.97,1.11,0.92,240331.3,276779.1439,229638.2647,746748.7086
P38929,['SLPVSEQRK'],0.43,1.61,0.96,77042.6,285939.0112,169884.917,532866.5282000001
P61830,['SAPSTGGVK'],1.2,0.76,1.03,319851.9,203276.9351,275492.832,798621.6671
P51402,"['TCSSCGYPSAK', 'TRSHNWAAK']",1.53,0.64,0.83,462354.3,192329.5262,251994.4812,906678.3074
P39676,['HVDELLAECANVDK'],0.9,1.84,0.26,104352.2,214398.0987,30147.8316,348898.13029999996
P38077,['GLCGSIHSQLAK'],2.36,0.32,0.32,457581.2,61457.2467,61434.8411,580473.2878
P40036,['SVHFDQAAPVK'],0.98,0.51,1.51,163080.4,85550.0886,252135.2524,500765.741
P35176,"['SIFGNTFK', 'VYFDINHGDK', 'DENFDVK']",1.14,0.91,0.95,1799106.8,1435964.3631,1506817.7853,4741888.9484
P16965,['YFSHTGNYGESPNHIK'],0.44,1.31,1.24,48647.0,144028.4576,136498.5045,329173.9621
P05745,['VTSMTPAPK'],1.58,0.11,1.31,5392839.0,391734.904,4464634.4509,10249208.354899999
P28241,['TFGLFANVRPAK'],1.44,0.57,1.0,133243.9,52396.034,92238.5973,277878.53130000003
P29478,['SVYETPK'],1.16,0.78,1.06,754572.8,508058.1426,690116.7826,1952747.7252000002
P47154,['IFVIDGSK'],0.89,1.09,1.02,96217.0,117558.0592,109980.186,323755.2452
P38234,"['TNADFSYK', 'IAGLFVSGAISGK']",1.14,1.07,0.79,596624.1,558246.7483,409960.3472,1564831.1955
P34160,['ILDYTHK'],1.35,0.81,0.84,22453.5,13351.1051,13912.2025,49716.8076
P38197,['NVHVNENASK'],0.58,0.99,1.43,152736.2,261618.382,376761.3706,791115.9526000001
Q12466,['AAHASDESFK'],0.86,1.01,1.12,199362.8,234168.1496,259186.6861,692717.6357
P53834,"['IELTQVSSITGDSNVSQRK', 'LTSLSTVSSDGK']",0.99,1.06,0.95,229931.5,246508.6883,222158.8003,698598.9886
P38886,['ILAGLHDTQIEGK'],1.2,0.84,0.96,403559.7,283929.0506,325064.9336,1012553.6842
P32867,['SAQRDGIHDTNK'],2.19,0.21,0.61,111739.3,10631.223,30982.5021,153353.0251
P38986,['DINEDILYK'],1.05,0.84,1.11,108462.5,86671.705,114551.311,309685.516
P08566,"['NLLHSDDTK', 'VVILESIGK']",1.28,0.88,0.83,777942.9,536887.4543,506792.5731,1821622.9274
P01120,"['SNIREYK', 'QMNAPFLETSAK']",1.16,0.85,0.99,921524.6,673837.7039,791592.5564,2386954.8603
P50085,['SAELIGEAIK'],1.58,0.3,1.12,353784.4,67938.548,249461.984,671184.932
P53598,"['VIFQGFTGK', 'VRIGIQPPK']",0.86,1.45,0.69,220281.0,368795.6327,175147.8025,764224.4352
P32787,['FVEHVTTK'],1.03,1.25,0.72,330345.8,400351.3718,230809.8114,961506.9832
Q12464,"['SYNEQEIK', 'TEALTQAFRK']",0.87,0.93,1.2,170205.5,182136.357,235043.9319,587385.7888999999
P39101,['QVDELAEK'],0.79,0.73,1.48,261390.0,242236.738,489887.6986,993514.4366
P39730,['ERQTLILGK'],1.04,0.82,1.14,613536.1,486754.9726,676641.9331,1776933.0057
P53081,['DISLEQIVK'],1.34,0.28,1.38,272238.7,58016.2651,280594.2608,610849.2259
P06103,['EDIIAGFK'],1.1,1.3,0.61,249535.9,295092.3663,138471.1683,683099.4346
P07256,['HEDLVNSIESK'],0.96,1.07,0.97,274947.1,307283.9833,276357.8867,858588.97
Q01532,['AVFFGSHTPK'],0.36,2.29,0.35,419832.8,2707757.1253,413967.4533,3541557.3786
P29547,['HPLELLGK'],1.07,0.99,0.94,1151509.2,1068449.6876,1014798.6333,3234757.5209
P41895,['DIIEAIGDGK'],1.51,0.15,1.34,113436.4,11127.738,100792.1907,225356.3287
Q03102,['VIAIAGGPEK'],0.61,1.42,0.97,122082.4,282229.5215,192680.6201,596992.5415999999
Q03063,['SAPAQVTQHSK'],1.02,0.52,1.45,158434.5,81144.4082,224144.472,463723.3802
Q05905,['SEFLLSYGK'],0.67,0.98,1.35,205875.5,297881.7353,411982.5969,915739.8322000001
Q03640,['FHLDSDDK'],1.01,1.04,0.95,348051.8,360136.7035,325978.7782,1034167.2816999999
P54861,['LAREVDPQGK'],0.87,1.35,0.78,272124.3,420307.1518,244061.648,936493.0998
P49573,['VAISENNQK'],0.94,0.74,1.33,408065.8,319555.0152,576087.3666,1303708.1818
P38281,"['RGDEASQLSAK', 'IEHETPLLNSSK']",1.32,0.35,1.33,486833.4,128640.0527,491642.7377,1107116.1904
P39744,"['RSDVEFGPTNK', 'ADAAGTREQQQLK']",1.25,0.2,1.55,345274.4,55205.9626,425740.0756,826220.4382
P35191,['TSTIRGDMK'],1.05,0.63,1.33,214229.5,128128.3121,271887.0871,614244.8992
Q05584,['TRVYPGHEYTSDNVK'],1.01,1.2,0.79,108772.6,129228.5732,85366.4864,323367.6596
P06245:P06244:P05986,['SQRFPNPVAK'],0.77,1.07,1.16,220070.3,306982.6373,331353.159,858406.0963
P40533,['RDPTSIENIK'],0.71,1.16,1.13,139406.0,229456.3876,223283.3177,592145.7053
P49095,"['ADVENLLK', 'QLSDALHSHK']",0.61,0.86,1.53,186704.5,265295.1548,471185.0507,923184.7055
P38248,['VIDGFNK'],1.08,0.83,1.08,5224860.5,4001199.1486,5222279.6237,14448339.272300001
P36039,['DLTEERHLAK'],1.42,0.39,1.18,147692.1,40947.1971,123138.603,311777.90009999997
P38431,['LQDVLDGFINK'],1.05,0.9,1.05,127305.4,108902.6309,126715.0077,362923.0386
P32379,['EAELLVLK'],0.3,1.55,1.14,43950.4,225906.5552,166018.7708,435875.726
Q06089,['YTGSELEAK'],1.01,0.15,1.84,275867.9,39630.6094,501300.0623,816798.5717
P32476,['DVQPFIPK'],1.7,1.04,0.26,2756172.0,1679582.2316,428848.085,4864602.3166
P33298:P53549,['GVLLYGPPGTGK'],2.48,0.03,0.49,385551.3,4421.2724,75998.9701,465971.5425
P05453,['IESGHIK'],1.0,1.05,0.95,476448.6,502554.8195,454690.7057,1433694.1252
P02992,['TTVTGIEMFRK'],0.66,1.42,0.92,179143.9,386439.8604,249540.9644,815124.7248
P32366,['SDLLPNIGK'],1.1,0.29,1.61,96456.9,25848.0942,141366.4325,263671.42669999995
P17505,['FANAVLSGFK'],1.45,0.53,1.02,146729.3,53549.4345,103108.2726,303387.0071
O43137,['SHGYVLK'],0.95,0.99,1.06,519967.8,545275.5962,583694.6228,1648938.019
P22517,['DAFVQIVK'],0.21,2.17,0.61,16582.1,169274.7152,47753.1633,233609.97850000003
P25343,['VLQRAGEALQK'],0.88,1.37,0.75,261377.7,405005.1234,223022.4554,889405.2788
P38636,['LEPDVSK'],0.34,1.64,1.02,224372.8,1090119.2186,682159.8054,1996651.824
P21576,['FYNFDEIRK'],0.67,0.85,1.48,199436.9,255194.2708,443007.576,897638.7468
Q02753,['HGAVHLSTYLK'],0.93,1.07,1.01,329163.8,379515.0148,358322.8832,1067001.698
P06787,['SNDSEQELLEAFK'],0.98,1.39,0.63,158297.8,224689.9514,101973.1222,484960.87359999993
P00447,['MIAIQQNIK'],0.65,1.27,1.08,82568.0,160142.628,137013.1957,379723.8237
P22202,['AEDEQEAQRVQAK'],2.3,0.36,0.33,115695.2,18258.693,16683.2846,150637.1776
P16550,['AFSDEMK'],1.28,0.73,0.99,744678.7,422980.1049,570967.3431,1738626.148
Q12434,['NLDAEDESLAK'],0.9,0.87,1.24,157487.5,151460.8638,216293.1909,525241.5547
Q02201,"['ESPLRPK', 'VRPLSEQGEYESRK']",0.9,1.01,1.09,2547354.8,2874728.91,3080792.5185,8502876.2285
P53090,['QDHDEFLK'],1.02,0.98,0.99,1090760.9,1048098.5977,1060756.425,3199615.9227
P30822,['ARNLDDVVK'],0.79,1.33,0.88,246190.0,417103.807,274833.8052,938127.6122000001
Q12213,['TAEQIAAERAARK'],0.92,1.0,1.08,2410689.4,2608248.8567,2828095.842,7847034.0987
P06634,['VLYVENQDK'],0.99,0.56,1.45,1258935.9,716039.3211,1854942.347,3829917.5681
P02557,['EVEDEMHK'],0.77,0.37,1.86,26234.9,12826.4089,63613.5496,102674.8585
P18759,['DAEAEYRAK'],1.43,0.9,0.67,142510.3,90151.6195,67093.7972,299755.7167
P22515,"['NFPRNEK', 'LSDLIEHFEK']",0.23,1.09,1.69,280946.9,1346473.7405,2087539.6386,3714960.2791
Q12499,['LANAINK'],1.46,0.1,1.44,210866.5,13965.5811,207041.2561,431873.3372
P13298,['FQNIQYAFNRK'],1.0,0.91,1.09,160723.8,146784.5226,175463.3159,482971.63849999994
P43123,['FGCLEVDRCK'],1.32,0.25,1.43,123672.4,23481.3616,134785.4275,281939.18909999996
P40043,['VQTVTTEDGETVK'],1.33,0.04,1.63,252505.7,6800.7011,308233.1402,567539.5413
P32463,['QISSDTQFHK'],0.74,0.13,2.13,32260.2,5816.8767,93315.5301,131392.6068
P34730,['ATNSSLEAYK'],1.54,0.28,1.18,100445.6,18458.3446,76599.7016,195503.64620000002
