scan_number,quantification_name,normalized_ratio,nor_ra_+0,nor_ra_+1,nor_ra_+2,inten_+0,inten_+1,inten_+2,to_inten_3cha,-10logP
19367:TCVADESHAGCEK_MS1_19363,2chargesy13quantification_ion3chargesy13quantification_ion,"[1.02, 1.0, 0.98]",1.02,1.0,0.98,187304854.0,183136525.14060003,179831498.53481737,550272877.6754174,84.61
26527:YICDNQDTISSK_MS1_26524,2chargesy12quantification_ion3chargesy12quantification_ion,"[1.02, 1.01, 0.96]",1.02,1.01,0.96,108962144.0,108318349.4016,102975451.44212224,320255944.8437222,79.32
27463:EYEATLEECCAK_MS1_27448,2chargesy12quantification_ion3chargesy12quantification_ion,"[0.99, 0.97, 1.04]",0.99,0.97,1.04,15251540.0,14918966.5,16034407.493499998,46204913.993499994,76.98
30629:VPQVSTPTLVEVSRSLGK_MS1_30619,2chargesy18quantification_ion3chargesy18quantification_ion,"[1.01, 1.07, 0.92]",1.01,1.07,0.92,43378438.0,46196422.846,39568951.864181995,129143812.710182,74.49
26808:HLVDEPQNLIK_MS1_26797,2chargesy11quantification_ion3chargesy11quantification_ion,"[0.92, 1.07, 1.01]",0.92,1.07,1.01,135162749.5,155757181.76385,147707037.77786884,438626969.04171884,70.32
34727:TVMENFVAFVDK_MS1_34714,2chargesy12_1Met_oxidaquantification_ion3chargesy12_1Met_oxidaquantification_ion,"[0.93, 1.01, 1.06]",0.93,1.01,1.06,9923519.7,10762315.60714,11320937.217311267,32006772.524451267,69.3
33084:LVNELTEFAK_MS1_33076,2chargesy10quantification_ion3chargesy10quantification_ion,"[0.95, 1.05, 1.0]",0.95,1.05,1.0,178998328.5,199288551.40195,188439841.04055578,566726720.9425058,68.98
19011:SEIAHRFK_MS1_19006,2chargesy8quantification_ion3chargesy8quantification_ion,"[0.98, 1.04, 0.98]",0.98,1.04,0.98,134551656.0,142620666.2784,134736876.71733376,411909198.99573374,55.03
21595:QEPERNECFLSHK_MS1_21589,2chargesy13quantification_ion3chargesy13quantification_ion,"[0.97, 1.02, 1.01]",0.97,1.02,1.01,2306266.9000000004,2434695.6770300004,2393437.1893786606,7134399.766408661,51.82
25690:QNCDQFEK_MS1_25684,2chargesy8quantification_ion3chargesy8quantification_ion,"[1.04, 1.0, 0.96]",1.04,1.0,0.96,83008384.0,79228166.536,76315968.168444,238552518.704444,51.67
26780:DLGEEHFK_MS1_26776,2chargesy8quantification_ion3chargesy8quantification_ion,"[1.05, 0.99, 0.96]",1.05,0.99,0.96,178616146.8,167661927.19972,163850458.00867376,510128532.00839376,49.63
35118:QTALVELLK_MS1_35113,2chargesy9quantification_ion3chargesy9quantification_ion,"[0.96, 1.03, 1.01]",0.96,1.03,1.01,97703598.2,104329605.86752,102254987.16901346,304288191.23653346,48.48
21679:SHCIAEVEK_MS1_21673,2chargesy9quantification_ion,"[0.98, 1.11, 0.91]",0.98,1.11,0.91,432313.3,486781.48666,400906.15789213206,1320000.944552132,41.78
22818:VASLRETYGDMADCCEK_MS1_22807,2chargesy17_1Met_oxidaquantification_ion3chargesy17_1Met_oxidaquantification_ion,"[0.89, 1.11, 1.0]",0.89,1.11,1.0,9014327.7,11344899.48189,10170938.780346574,30530165.962236576,40.66
24837:ECCHGDLLECADDRADLAK_MS1_24823,3chargesy19quantification_ion,"[0.87, 1.2, 0.93]",0.87,1.2,0.93,25108388.0,34923298.0676,26993897.441916525,87025583.50951652,40.07
30328:DDSPDLPK_MS1_30325,2chargesy8quantification_ion,"[1.16, 0.96, 0.88]",1.16,0.96,0.88,1225023.4,1012123.19902,934350.418367306,3171497.0173873054,32.45
20185:IETMREK_MS1_20182,2chargesy7quantification_ion2chargesy7_1Met_oxidaquantification_ion,"[1.25, 0.79, 0.96]",1.25,0.79,0.96,779889.5,495141.2564499999,599612.458479895,1874643.214929895,18.04
30902:LFTFHADICTLPDTEK_MS1_30892,2chargesy16quantification_ion3chargesy16quantification_ion,"[0.91, 0.88, 1.21]",0.91,0.88,1.21,1941603.9,1871984.9582699994,2587682.199982512,6401271.058252512,10.05
