scan_number,quantification_name,normalized_ratio,nor_ra_+0,nor_ra_+1,nor_ra_+2,inten_+0,inten_+1,inten_+2,to_inten_3cha,-10logP
26401:YICDNQDTISSK_MS1_26398,2chargesy12quantification_ion3chargesy12quantification_ion,"[1.05, 5.05, 9.91]",1.05,5.05,9.91,8953024.7,43113915.004580006,84616794.92935441,136683734.63393444,67.85
27284:EYEATLEECCAK_MS1_27280,2chargesy12quantification_ion3chargesy12quantification_ion,"[0.91, 5.43, 9.66]",0.91,5.43,9.66,983504.7000000001,5899315.4525,10498727.1722675,17381547.3247675,63.21
32832:LVNELTEFAK_MS1_32824,2chargesy10quantification_ion,"[0.99, 4.96, 10.05]",0.99,4.96,10.05,5839786.0,29291048.762199998,59315013.99487594,94445848.75707594,61.65
19409:TCVADESHAGCEK_MS1_19405,2chargesy13quantification_ion3chargesy13quantification_ion,"[1.15, 4.88, 9.97]",1.15,4.88,9.97,1061386.8,4486332.79052,9166464.590312827,14714184.180832827,60.87
34824:QTALVELLK_MS1_34819,2chargesy9quantification_ion3chargesy9quantification_ion,"[1.18, 4.74, 10.07]",1.18,4.74,10.07,3570523.8,14328633.31168,30428457.589015648,48327614.70069565,50.62
26661:HLVDEPQNLIK_MS1_26650,2chargesy11quantification_ion3chargesy11quantification_ion,"[1.07, 5.02, 9.91]",1.07,5.02,9.91,8285317.1,38814920.78133,76572308.37982666,123672546.26115666,49.13
26633:DLGEEHFK_MS1_26629,2chargesy8quantification_ion,"[1.14, 5.27, 9.58]",1.14,5.27,9.58,10534710.0,48657155.209,88438359.04985109,147630224.25885108,45.57
25522:QNCDQFEK_MS1_25516,2chargesy8quantification_ion,"[1.03, 5.15, 9.82]",1.03,5.15,9.82,8727827.0,43610522.5705,83271276.88890076,135609626.45940077,43.57
21553:SHCIAEVEK_MS1_21547,2chargesy9quantification_ion,"[1.3, 4.91, 9.79]",1.3,4.91,9.79,29333.1,110502.53462,220596.021510524,360431.656130524,43.29
18906:SEIAHRFK_MS1_18901,2chargesy8quantification_ion3chargesy8quantification_ion,"[0.97, 5.12, 9.92]",0.97,5.12,9.92,5737800.1,30423211.84864,58933962.17662049,95094974.12526049,42.41
24215:ATEEQLK_MS1_24214,2chargesy7quantification_ion,"[1.05, 5.1, 9.85]",1.05,5.1,9.85,12220945.0,59235035.7575,114441674.74822626,185897655.50572625,32.59
28709:LVTDLTK_MS1_28708,2chargesy7quantification_ion,"[1.08, 5.25, 9.68]",1.08,5.25,9.68,40822324.0,199177408.9384,367443397.67235345,607443130.6107534,31.58
30397:VPQVSTPTLVEVSRSLGK_MS1_30388,2chargesy18quantification_ion3chargesy18quantification_ion,"[1.42, 4.22, 10.36]",1.42,4.22,10.36,329331.2,978622.4903999998,2405811.7722568004,3713765.4626568,31.35
29614:DDSPDLPK_MS1_29611,2chargesy8quantification_ion,"[1.09, 5.05, 9.86]",1.09,5.05,9.86,7221762.0,33325534.0886,65089460.78929458,105636756.87789458,30.43
21197:QEPERNECFLSHK_MS1_21190,2chargesy13quantification_ion3chargesy13quantification_ion,"[1.17, 5.0, 9.83]",1.17,5.0,9.83,449371.3,1926591.26531,3788618.3374226973,6164580.902732697,28.02
30181:AEFVEVTK_MS1_30178,2chargesy8quantification_ion,"[1.21, 4.63, 10.16]",1.21,4.63,10.16,90547.5,347022.885,760929.1920099999,1198499.57701,23.19
