scan_number,quantification_name,normalized_ratio,nor_ra_+0,nor_ra_+1,nor_ra_+2,inten_+0,inten_+1,inten_+2,to_inten_3cha,-10logP
26454:YICDNQDTISSK_MS1_26440,2chargesy12quantification_ion3chargesy12quantification_ion,"[9.45, 5.61, 0.94]",9.45,5.61,0.94,40096447.5,23788244.2765,4003738.5878871027,67888430.36438711,71.31
27421:EYEATLEECCAK_MS1_27406,2chargesy12quantification_ion3chargesy12quantification_ion,"[9.99, 5.01, 1.0]",9.99,5.01,1.0,7706061.5,3864486.1124999993,770513.9232874999,12341061.535787499,68.19
32916:LVNELTEFAK_MS1_32908,2chargesy10quantification_ion,"[9.91, 5.06, 1.03]",9.91,5.06,1.03,66917564.0,34162578.5828,6935474.334505558,108015616.91730556,65.97
26745:HLVDEPQNLIK_MS1_26734,2chargesy11quantification_ion,"[9.29, 5.7, 1.01]",9.29,5.7,1.01,40381780.0,24777435.694,4389637.971376203,69548853.6653762,63.19
18906:SEIAHRFK_MS1_18901,2chargesy8quantification_ion3chargesy8quantification_ion,"[9.47, 5.63, 0.89]",9.47,5.63,0.89,44164224.0,26260101.7536,4162431.14303104,74586756.89663105,58.93
34908:QTALVELLK_MS1_34903,2chargesy9quantification_ion3chargesy9quantification_ion,"[10.09, 4.68, 1.23]",10.09,4.68,1.23,48990141.1,22703834.404959995,5961357.649627061,77655333.15458706,53.47
26696:DLGEEHFK_MS1_26692,2chargesy8quantification_ion3chargesy8quantification_ion,"[9.81, 5.31, 0.88]",9.81,5.31,0.88,83425147.4,45169095.58445999,7514303.105795234,136108546.09025523,53.3
36743:TVMENFVAFVDK_MS1_36730,2chargesy12quantification_ion3chargesy12quantification_ion2chargesy12_1Met_oxidaquantification_ion3chargesy12_1Met_oxidaquantification_ion,"[5.86, 6.85, 3.3]",5.86,6.85,3.3,1115615.8,1303895.50796,628270.768207352,3047782.076167352,52.89
25774:QNCDQFEK_MS1_25768,2chargesy8quantification_ion,"[10.27, 4.99, 0.74]",10.27,4.99,0.74,8607147.0,4180772.3504999997,621106.8357707504,13409026.18627075,52.7
21512:QEPERNECFLSHK_MS1_21505,3chargesy13quantification_ion,"[9.38, 5.77, 0.84]",9.38,5.77,0.84,606738.0,373319.3206000001,54603.56885922002,1034660.8894592201,49.22
21616:SHCIAEVEK_MS1_21610,2chargesy9quantification_ion,"[9.76, 6.05, 0.19]",9.76,6.05,0.19,1052852.0,652480.7304000001,20950.74585807987,1726283.47625808,42.36
24257:ATEEQLK_MS1_24256,2chargesy7quantification_ion,"[10.19, 4.93, 0.88]",10.19,4.93,0.88,161513264.0,78067622.66399999,14017009.451564014,253597896.115564,38.18
28814:LVTDLTK_MS1_28813,2chargesy7quantification_ion,"[9.8, 5.2, 1.01]",9.8,5.2,1.01,343360416.0,182191689.1456,35313046.83860093,560865151.984201,32.29
