scan_number,quantification_name,normalized_ratio,nor_ra_+0,nor_ra_+1,nor_ra_+2,inten_+0,inten_+1,inten_+2,to_inten_3cha,-10logP
19905:TCVADESHAGCEK_MS1_19888,2chargesy13quantification_ion3chargesy13quantification_ion,"[9.67, 5.26, 1.07]",9.67,5.26,1.07,93920308.0,51050740.621199995,10385357.291060682,155356405.91226068,74.48
27591:YICDNQDTISSK_MS1_27574,2chargesy12quantification_ion,"[9.58, 5.41, 1.01]",9.58,5.41,1.01,64214108.0,36283434.5512,6754945.123091683,107252487.67429169,71.56
28621:EYEATLEECCAK_MS1_28603,2chargesy12quantification_ion3chargesy12quantification_ion,"[9.71, 5.18, 1.11]",9.71,5.18,1.11,11964103.8,6380348.484999999,1365814.171195,19710266.456195,64.22
36012:TVMENFVAFVDK_MS1_35995
34368:LVNELTEFAK_MS1_34357,2chargesy10quantification_ion,"[10.19, 4.86, 0.96]",10.19,4.86,0.96,45730864.0,21792509.492799997,4291388.54086256,71814762.03366256,57.32
27945:HLVDEPQNLIK_MS1_27931,2chargesy11quantification_ion,"[9.5, 5.33, 1.18]",9.5,5.33,1.18,36927068.0,20715936.4164,4570965.775325716,62213970.191725716,57.28
23639:VASLRETYGDMADCCEK_MS1_23626,2chargesy17_1Met_oxidaquantification_ion3chargesy17_1Met_oxidaquantification_ion,"[10.51, 4.77, 0.72]",10.51,4.77,0.72,10271928.0,4661050.949600002,699572.6850847173,15632551.63468472,54.17
31310:DDPHACYSTVFDK_MS1_31291
36339:QTALVELLK_MS1_36331,2chargesy9quantification_ion,"[10.12, 5.37, 0.51]",10.12,5.37,0.51,19480058.0,10335977.8688,975731.5603036806,30791767.42910368,49.36
25784:ECCHGDLLECADDRADLAK_MS1_25768
26701:QNCDQFEK_MS1_26692,2chargesy8quantification_ion,"[9.83, 5.0, 1.17]",9.83,5.0,1.17,77865344.0,39603227.776,9237483.827904,126706055.603904,46.8
31812:SLHTLFGDELCK_MS1_31795
27855:DLGEEHFK_MS1_27847,2chargesy8quantification_ion3chargesy8quantification_ion,"[9.67, 5.48, 0.85]",9.67,5.48,0.85,132135408.4,74838652.74635999,11670269.141044235,218644330.2874042,43.98
25163:ATEEQLK_MS1_25159,2chargesy7quantification_ion,"[10.01, 5.0, 0.99]",10.01,5.0,0.99,166509600.0,83288919.6,16481450.254600003,266279969.8546,34.96
22544:SHCIAEVEK_MS1_22534
29075:YNGVFQECCQAEDK_MS1_29065,2chargesy14quantification_ion3chargesy14quantification_ion,"[7.77, 4.3, 3.94]",7.77,4.3,3.94,1065034.2000000002,588820.1940999998,539636.0085205501,2193490.4026205502,34.04
30056:LVTDLTK_MS1_30052,2chargesy7quantification_ion,"[9.64, 5.37, 0.99]",9.64,5.37,0.99,104487136.0,58173861.4976,10716467.556924157,173377465.05452415,25.86
31067:AEFVEVTK_MS1_31060,2chargesy8quantification_ion,"[9.98, 4.71, 1.3]",9.98,4.71,1.3,40300448.0,19030866.047999997,5249982.430848002,64581296.478847995,22.82
19770:SEIAHRFK_MS1_19762
23924:FGERALK_MS1_23920,2chargesy7quantification_ion,"[9.51, 5.39, 1.09]",9.51,5.39,1.09,149597056.0,84796768.0,17184632.441599995,251578456.4416,12.03
16634:DDSPDLPK_MS1_16633
25421:EACFAVEGPK_MS1_25411
